"","dist","estimator","col","rel_bias"
"1","norm_mix1","missForest","X",-0.0482549193124113
"2","norm_mix1","missForest","X2",-0.19533071901524
"3","norm_mix1","rfcont10","X",0.000301337820836745
"4","norm_mix1","rfcont10","X2",-0.0466344190419756
"5","norm_mix1","micePMM","X",-0.0637315296689126
"6","norm_mix1","micePMM","X2",-0.149619123795337
"7","norm_mix1","missForest","X",0.0542514992433281
"8","norm_mix1","missForest","X2",0.0161318703028854
"9","norm_mix1","rfcont10","X",0.0664683215809405
"10","norm_mix1","rfcont10","X2",0.0615027534758226
"11","norm_mix1","micePMM","X",0.00335455099608728
"12","norm_mix1","micePMM","X2",-0.0461750764007003
"13","norm_mix1","missForest","X",-0.0613253952641386
"14","norm_mix1","missForest","X2",-0.160769924894313
"15","norm_mix1","rfcont10","X",0.0205252773492466
"16","norm_mix1","rfcont10","X2",-0.0128715965444833
"17","norm_mix1","micePMM","X",-0.0134742988429228
"18","norm_mix1","micePMM","X2",-0.0694993451215866
"19","norm_mix1","missForest","X",0.0564875011556241
"20","norm_mix1","missForest","X2",0.0198587174276295
"21","norm_mix1","rfcont10","X",0.0458178259563691
"22","norm_mix1","rfcont10","X2",0.0322318975433358
"23","norm_mix1","micePMM","X",-0.00122877866043036
"24","norm_mix1","micePMM","X2",-0.03009715789318
"25","norm_mix1","missForest","X",-0.0123235491540098
"26","norm_mix1","missForest","X2",-0.125857034137745
"27","norm_mix1","rfcont10","X",0.00983817263898512
"28","norm_mix1","rfcont10","X2",-0.0494183301367463
"29","norm_mix1","micePMM","X",-0.0882453395734838
"30","norm_mix1","micePMM","X2",-0.153481218902529
"31","norm_mix1","missForest","X",0.072523821308353
"32","norm_mix1","missForest","X2",0.0506855006649767
"33","norm_mix1","rfcont10","X",0.0245131081345638
"34","norm_mix1","rfcont10","X2",-0.020353781437022
"35","norm_mix1","micePMM","X",-0.0211641030956298
"36","norm_mix1","micePMM","X2",-0.0880666529697922
"37","norm_mix1","missForest","X",-0.0375135183444306
"38","norm_mix1","missForest","X2",-0.18798464510256
"39","norm_mix1","rfcont10","X",0.00718755408271243
"40","norm_mix1","rfcont10","X2",-0.0403096301860105
"41","norm_mix1","micePMM","X",-0.0423281772860098
"42","norm_mix1","micePMM","X2",-0.10125351902621
"43","norm_mix1","missForest","X",0.0126400777894002
"44","norm_mix1","missForest","X2",-0.133773230657406
"45","norm_mix1","rfcont10","X",0.0411354529032759
"46","norm_mix1","rfcont10","X2",0.0259549543944377
"47","norm_mix1","micePMM","X",-0.018469310463373
"48","norm_mix1","micePMM","X2",-0.0581180933143205
"49","norm_mix1","missForest","X",0.0395173506843263
"50","norm_mix1","missForest","X2",0.0209320419234342
"51","norm_mix1","rfcont10","X",0.0246522225072028
"52","norm_mix1","rfcont10","X2",-0.0134751918223007
"53","norm_mix1","micePMM","X",-0.0584938332068504
"54","norm_mix1","micePMM","X2",-0.111598372875605
"55","norm_mix1","missForest","X",-0.00698658039130406
"56","norm_mix1","missForest","X2",-0.143177968608563
"57","norm_mix1","rfcont10","X",0.0427989918213665
"58","norm_mix1","rfcont10","X2",0.0216165725019393
"59","norm_mix1","micePMM","X",-0.0447177871148307
"60","norm_mix1","micePMM","X2",-0.11209140014327
"61","norm_mix1","missForest","X",0.0946968639514962
"62","norm_mix1","missForest","X2",0.123486255953283
"63","norm_mix1","rfcont10","X",0.0755328373652429
"64","norm_mix1","rfcont10","X2",0.0641214172406854
"65","norm_mix1","micePMM","X",-0.00488512530230023
"66","norm_mix1","micePMM","X2",-0.049955929745382
"67","norm_mix1","missForest","X",-0.00513983746384006
"68","norm_mix1","missForest","X2",-0.116024441252087
"69","norm_mix1","rfcont10","X",0.0289591060120922
"70","norm_mix1","rfcont10","X2",-0.0105021117464053
"71","norm_mix1","micePMM","X",-0.0473371248706265
"72","norm_mix1","micePMM","X2",-0.120467132653141
"73","norm_mix1","missForest","X",0.060895112652201
"74","norm_mix1","missForest","X2",0.0666246172141871
"75","norm_mix1","rfcont10","X",0.0505328925755568
"76","norm_mix1","rfcont10","X2",0.028234169818629
"77","norm_mix1","micePMM","X",-0.0108908210768007
"78","norm_mix1","micePMM","X2",-0.0634674891285516
"79","norm_mix1","missForest","X",0.0401022369590383
"80","norm_mix1","missForest","X2",0.0253425519110124
"81","norm_mix1","rfcont10","X",0.0493213313580996
"82","norm_mix1","rfcont10","X2",0.0295237392789212
"83","norm_mix1","micePMM","X",-0.0218970443745088
"84","norm_mix1","micePMM","X2",-0.0453213736796708
"85","norm_mix1","missForest","X",0.0278931830887448
"86","norm_mix1","missForest","X2",-0.0552856146351306
"87","norm_mix1","rfcont10","X",0.0284459932820003
"88","norm_mix1","rfcont10","X2",0.00184574674402915
"89","norm_mix1","micePMM","X",-0.0380243477164932
"90","norm_mix1","micePMM","X2",-0.111654664255837
"91","norm_mix1","missForest","X",0.0330053541762552
"92","norm_mix1","missForest","X2",-0.0305947053005944
"93","norm_mix1","rfcont10","X",0.0383996011421992
"94","norm_mix1","rfcont10","X2",0.00782787321545553
"95","norm_mix1","micePMM","X",-0.0235469664177095
"96","norm_mix1","micePMM","X2",-0.0613096466830537
"97","norm_mix1","missForest","X",-0.00199809616470581
"98","norm_mix1","missForest","X2",-0.117531007042819
"99","norm_mix1","rfcont10","X",0.0335343452120609
"100","norm_mix1","rfcont10","X2",0.00185717198895174
"101","norm_mix1","micePMM","X",-0.0438094491537919
"102","norm_mix1","micePMM","X2",-0.112183765901445
"103","norm_mix1","missForest","X",0.0350711473813154
"104","norm_mix1","missForest","X2",-0.0638282022519863
"105","norm_mix1","rfcont10","X",0.0257395344389593
"106","norm_mix1","rfcont10","X2",-0.0034804282812263
"107","norm_mix1","micePMM","X",-0.0356582134083838
"108","norm_mix1","micePMM","X2",-0.0864078135872229
"109","norm_mix1","missForest","X",0.0487056209804233
"110","norm_mix1","missForest","X2",0.00246831315953844
"111","norm_mix1","rfcont10","X",0.0566867918138725
"112","norm_mix1","rfcont10","X2",0.0347563308443759
"113","norm_mix1","micePMM","X",-0.00869439319859378
"114","norm_mix1","micePMM","X2",-0.0496050863463882
"115","norm_mix1","missForest","X",0.047845013766469
"116","norm_mix1","missForest","X2",0.0558702384303316
"117","norm_mix1","rfcont10","X",0.03930384754121
"118","norm_mix1","rfcont10","X2",0.0132952642134654
"119","norm_mix1","micePMM","X",-0.0637631603120277
"120","norm_mix1","micePMM","X2",-0.113666006641756
"121","norm_mix1","missForest","X",0.0133893954683668
"122","norm_mix1","missForest","X2",-0.0822123939713717
"123","norm_mix1","rfcont10","X",0.040697857264657
"124","norm_mix1","rfcont10","X2",0.00618798608822058
"125","norm_mix1","micePMM","X",-0.0323830799124167
"126","norm_mix1","micePMM","X2",-0.075936257308382
"127","norm_mix1","missForest","X",-0.000447214609213265
"128","norm_mix1","missForest","X2",-0.0406186503340452
"129","norm_mix1","rfcont10","X",0.00765714139890084
"130","norm_mix1","rfcont10","X2",-0.0236053988961024
"131","norm_mix1","micePMM","X",-0.0623786236893208
"132","norm_mix1","micePMM","X2",-0.120113610977824
"133","norm_mix1","missForest","X",0.064952834941961
"134","norm_mix1","missForest","X2",-0.00564122381910792
"135","norm_mix1","rfcont10","X",0.0428795617801603
"136","norm_mix1","rfcont10","X2",0.0169743499227493
"137","norm_mix1","micePMM","X",-0.0257364065827855
"138","norm_mix1","micePMM","X2",-0.0649368717691448
"139","norm_mix1","missForest","X",-0.00618527158502824
"140","norm_mix1","missForest","X2",-0.149648800996477
"141","norm_mix1","rfcont10","X",0.0327697800440492
"142","norm_mix1","rfcont10","X2",-0.000837439642880522
"143","norm_mix1","micePMM","X",-0.060790780626107
"144","norm_mix1","micePMM","X2",-0.131712386902445
"145","norm_mix1","missForest","X",0.0778631500193137
"146","norm_mix1","missForest","X2",0.0429655754985165
"147","norm_mix1","rfcont10","X",0.0492314755025578
"148","norm_mix1","rfcont10","X2",0.0333249380548559
"149","norm_mix1","micePMM","X",-0.0229104557196548
"150","norm_mix1","micePMM","X2",-0.0672146519044752
"151","norm_mix1","missForest","X",0.0402912233071373
"152","norm_mix1","missForest","X2",0.00832329269112853
"153","norm_mix1","rfcont10","X",0.0277157571910656
"154","norm_mix1","rfcont10","X2",-0.014779538607498
"155","norm_mix1","micePMM","X",-0.0168597878413822
"156","norm_mix1","micePMM","X2",-0.0594047131798876
"157","norm_mix1","missForest","X",0.0388707081791899
"158","norm_mix1","missForest","X2",-0.0942036066531136
"159","norm_mix1","rfcont10","X",0.0352131565746396
"160","norm_mix1","rfcont10","X2",0.00528554130623182
"161","norm_mix1","micePMM","X",-0.0165505408354825
"162","norm_mix1","micePMM","X2",-0.0705797362769242
"163","norm_mix1","missForest","X",0.111092311556992
"164","norm_mix1","missForest","X2",0.101864136245701
"165","norm_mix1","rfcont10","X",0.0535265721423974
"166","norm_mix1","rfcont10","X2",0.0340497144912597
"167","norm_mix1","micePMM","X",0.00545638171703544
"168","norm_mix1","micePMM","X2",-0.0233295423661846
"169","norm_mix1","missForest","X",0.019677831601123
"170","norm_mix1","missForest","X2",-0.0740104505829783
"171","norm_mix1","rfcont10","X",0.0504440642718074
"172","norm_mix1","rfcont10","X2",0.0199904471459338
"173","norm_mix1","micePMM","X",-0.0183728818350012
"174","norm_mix1","micePMM","X2",-0.0743432410264226
"175","norm_mix1","missForest","X",0.0698666034858204
"176","norm_mix1","missForest","X2",0.0389335689851393
"177","norm_mix1","rfcont10","X",0.0457761355420034
"178","norm_mix1","rfcont10","X2",0.0283671764279843
"179","norm_mix1","micePMM","X",-0.0525407383690623
"180","norm_mix1","micePMM","X2",-0.0957399273281965
"181","norm_mix1","missForest","X",0.0613828899468074
"182","norm_mix1","missForest","X2",0.0707228110206688
"183","norm_mix1","rfcont10","X",0.0342919398461925
"184","norm_mix1","rfcont10","X2",0.00902283912226909
"185","norm_mix1","micePMM","X",-0.0060183886458397
"186","norm_mix1","micePMM","X2",-0.0430569230658493
"187","norm_mix1","missForest","X",0.0590703730971147
"188","norm_mix1","missForest","X2",0.0383549368279428
"189","norm_mix1","rfcont10","X",0.0187672357311626
"190","norm_mix1","rfcont10","X2",-0.00988890246544039
"191","norm_mix1","micePMM","X",-0.0532569366029307
"192","norm_mix1","micePMM","X2",-0.114443441298856
"193","norm_mix1","missForest","X",0.0768354691404369
"194","norm_mix1","missForest","X2",0.0698692290520602
"195","norm_mix1","rfcont10","X",0.0416009452087287
"196","norm_mix1","rfcont10","X2",0.0106488167746606
"197","norm_mix1","micePMM","X",-0.0372651458587911
"198","norm_mix1","micePMM","X2",-0.103783576634993
"199","norm_mix1","missForest","X",0.0505700619699039
"200","norm_mix1","missForest","X2",0.0616964445013903
"201","norm_mix1","rfcont10","X",0.0412700823869472
"202","norm_mix1","rfcont10","X2",0.0214782887122436
"203","norm_mix1","micePMM","X",-0.023224530253345
"204","norm_mix1","micePMM","X2",-0.0721980741883143
"205","norm_mix1","missForest","X",0.0984237154710492
"206","norm_mix1","missForest","X2",0.0730541991506271
"207","norm_mix1","rfcont10","X",0.0327995659964189
"208","norm_mix1","rfcont10","X2",0.00710404204979964
"209","norm_mix1","micePMM","X",-0.0157706335463206
"210","norm_mix1","micePMM","X2",-0.0575027845227631
"211","norm_mix1","missForest","X",-0.0213496069451512
"212","norm_mix1","missForest","X2",-0.155142535712711
"213","norm_mix1","rfcont10","X",0.00414322460747218
"214","norm_mix1","rfcont10","X2",-0.0335513480748002
"215","norm_mix1","micePMM","X",-0.065646907211016
"216","norm_mix1","micePMM","X2",-0.123026920752615
"217","norm_mix1","missForest","X",0.000945010074391739
"218","norm_mix1","missForest","X2",-0.101849387376916
"219","norm_mix1","rfcont10","X",0.048517201758838
"220","norm_mix1","rfcont10","X2",0.0249705613128055
"221","norm_mix1","micePMM","X",-0.0343430153470863
"222","norm_mix1","micePMM","X2",-0.0781793540691946
"223","norm_mix1","missForest","X",0.074290093219435
"224","norm_mix1","missForest","X2",0.0240200981076981
"225","norm_mix1","rfcont10","X",0.0576466944769152
"226","norm_mix1","rfcont10","X2",0.0393701271214224
"227","norm_mix1","micePMM","X",-0.00602456782890937
"228","norm_mix1","micePMM","X2",-0.0515093871375144
"229","norm_mix1","missForest","X",-0.0332117931787554
"230","norm_mix1","missForest","X2",-0.129517749275033
"231","norm_mix1","rfcont10","X",0.0310904234421094
"232","norm_mix1","rfcont10","X2",-0.023378191277755
"233","norm_mix1","micePMM","X",-0.0271771558233133
"234","norm_mix1","micePMM","X2",-0.10016043410942
"235","norm_mix1","missForest","X",-0.0359318898881946
"236","norm_mix1","missForest","X2",-0.156155919669847
"237","norm_mix1","rfcont10","X",0.0176594581437994
"238","norm_mix1","rfcont10","X2",-0.0245667644598782
"239","norm_mix1","micePMM","X",-0.0585525440318838
"240","norm_mix1","micePMM","X2",-0.11590416090287
"241","norm_mix1","missForest","X",0.0357344020635451
"242","norm_mix1","missForest","X2",0.0248510239047814
"243","norm_mix1","rfcont10","X",0.0190823527562058
"244","norm_mix1","rfcont10","X2",-0.0170519698030384
"245","norm_mix1","micePMM","X",-0.0698045587518513
"246","norm_mix1","micePMM","X2",-0.12911602898865
"247","norm_mix1","missForest","X",-0.028033201834107
"248","norm_mix1","missForest","X2",-0.105486017436715
"249","norm_mix1","rfcont10","X",0.0435233176676926
"250","norm_mix1","rfcont10","X2",0.00067577138516639
"251","norm_mix1","micePMM","X",-0.0122150811304151
"252","norm_mix1","micePMM","X2",-0.0684970046986435
"253","norm_mix1","missForest","X",0.0697697528339685
"254","norm_mix1","missForest","X2",0.0650218214772837
"255","norm_mix1","rfcont10","X",0.0527123403290806
"256","norm_mix1","rfcont10","X2",0.0357774811100879
"257","norm_mix1","micePMM","X",-0.0309517994203727
"258","norm_mix1","micePMM","X2",-0.0726035418862107
"259","norm_mix1","missForest","X",0.0253881850300415
"260","norm_mix1","missForest","X2",-0.0633158302480564
"261","norm_mix1","rfcont10","X",0.0524800348744663
"262","norm_mix1","rfcont10","X2",0.0162222922419042
"263","norm_mix1","micePMM","X",-0.0239929126045495
"264","norm_mix1","micePMM","X2",-0.0884110512046482
"265","norm_mix1","missForest","X",0.0511184553565329
"266","norm_mix1","missForest","X2",-0.0738074953739201
"267","norm_mix1","rfcont10","X",0.054409963858894
"268","norm_mix1","rfcont10","X2",0.0345889445459944
"269","norm_mix1","micePMM","X",0.0258355105098378
"270","norm_mix1","micePMM","X2",-0.0140737615754628
"271","norm_mix1","missForest","X",-0.00811460565998445
"272","norm_mix1","missForest","X2",-0.107209551957266
"273","norm_mix1","rfcont10","X",0.0324812186954557
"274","norm_mix1","rfcont10","X2",0.0279520924656962
"275","norm_mix1","micePMM","X",-0.0158715855787638
"276","norm_mix1","micePMM","X2",-0.0414213483657256
"277","norm_mix1","missForest","X",0.0720854028549254
"278","norm_mix1","missForest","X2",0.0625265696556008
"279","norm_mix1","rfcont10","X",0.0197870335848884
"280","norm_mix1","rfcont10","X2",-0.024384826418131
"281","norm_mix1","micePMM","X",-0.0718171007582049
"282","norm_mix1","micePMM","X2",-0.139900414864492
"283","norm_mix1","missForest","X",-0.00288117979342006
"284","norm_mix1","missForest","X2",-0.130554388749532
"285","norm_mix1","rfcont10","X",0.0593309380220195
"286","norm_mix1","rfcont10","X2",0.0540286130497667
"287","norm_mix1","micePMM","X",-0.0186539879791605
"288","norm_mix1","micePMM","X2",-0.0597639893809145
"289","norm_mix1","missForest","X",0.0451298576611385
"290","norm_mix1","missForest","X2",-0.106167145584296
"291","norm_mix1","rfcont10","X",0.0489562360568661
"292","norm_mix1","rfcont10","X2",0.0281770964795318
"293","norm_mix1","micePMM","X",-0.0186989413446165
"294","norm_mix1","micePMM","X2",-0.0632107928037935
"295","norm_mix1","missForest","X",0.0511091761573834
"296","norm_mix1","missForest","X2",0.0297419939845716
"297","norm_mix1","rfcont10","X",0.0275736190551907
"298","norm_mix1","rfcont10","X2",-0.00356989671642094
"299","norm_mix1","micePMM","X",-0.0305912367988013
"300","norm_mix1","micePMM","X2",-0.0886910223800537
"301","norm_mix1","missForest","X",-0.0177408407623952
"302","norm_mix1","missForest","X2",-0.118159856258701
"303","norm_mix1","rfcont10","X",0.011349856606875
"304","norm_mix1","rfcont10","X2",-0.0346196369822347
"305","norm_mix1","micePMM","X",-0.0404992015490898
"306","norm_mix1","micePMM","X2",-0.103955086839888
"307","norm_mix1","missForest","X",0.0777601238376122
"308","norm_mix1","missForest","X2",0.0486865774566672
"309","norm_mix1","rfcont10","X",0.00527123692693454
"310","norm_mix1","rfcont10","X2",-0.0333861853008265
"311","norm_mix1","micePMM","X",-0.0416574183435691
"312","norm_mix1","micePMM","X2",-0.0981821401942514
"313","norm_mix1","missForest","X",0.074954609372861
"314","norm_mix1","missForest","X2",0.0977762022224409
"315","norm_mix1","rfcont10","X",0.0646616533619149
"316","norm_mix1","rfcont10","X2",0.0500276494908003
"317","norm_mix1","micePMM","X",-0.0130325024894339
"318","norm_mix1","micePMM","X2",-0.0524396150094816
"319","norm_mix1","missForest","X",-0.0274833746128763
"320","norm_mix1","missForest","X2",-0.099286682194608
"321","norm_mix1","rfcont10","X",0.0508498910117585
"322","norm_mix1","rfcont10","X2",0.0187190311304102
"323","norm_mix1","micePMM","X",-0.0136437038179317
"324","norm_mix1","micePMM","X2",-0.0727834647675449
"325","norm_mix1","missForest","X",0.0659794422158317
"326","norm_mix1","missForest","X2",0.0895984058736643
"327","norm_mix1","rfcont10","X",0.0554444698745797
"328","norm_mix1","rfcont10","X2",0.0405478314770418
"329","norm_mix1","micePMM","X",0.0132332384829648
"330","norm_mix1","micePMM","X2",-0.0200542843107456
"331","norm_mix1","missForest","X",-0.00250977981997846
"332","norm_mix1","missForest","X2",-0.166479711549466
"333","norm_mix1","rfcont10","X",0.00635251130532266
"334","norm_mix1","rfcont10","X2",-0.0419692475784234
"335","norm_mix1","micePMM","X",-0.0934062575786215
"336","norm_mix1","micePMM","X2",-0.133989224480525
"337","norm_mix1","missForest","X",0.0580612536437195
"338","norm_mix1","missForest","X2",0.042263266560526
"339","norm_mix1","rfcont10","X",0.0260177639402273
"340","norm_mix1","rfcont10","X2",-0.00197652527772374
"341","norm_mix1","micePMM","X",-0.0355812380069841
"342","norm_mix1","micePMM","X2",-0.0686560879829559
"343","norm_mix1","missForest","X",0.00858954865077921
"344","norm_mix1","missForest","X2",-0.115010424994295
"345","norm_mix1","rfcont10","X",0.0297985394155089
"346","norm_mix1","rfcont10","X2",-0.00471814243648827
"347","norm_mix1","micePMM","X",0.0142997697576388
"348","norm_mix1","micePMM","X2",-0.0223344192245952
"349","norm_mix1","missForest","X",0.0416085909763861
"350","norm_mix1","missForest","X2",0.0352643946160875
"351","norm_mix1","rfcont10","X",0.0391011197023292
"352","norm_mix1","rfcont10","X2",0.00830879222014791
"353","norm_mix1","micePMM","X",-0.0332740311502506
"354","norm_mix1","micePMM","X2",-0.0896619802655101
"355","norm_mix1","missForest","X",0.0581537285425364
"356","norm_mix1","missForest","X2",-0.0234403530741888
"357","norm_mix1","rfcont10","X",0.0425683552440776
"358","norm_mix1","rfcont10","X2",0.00131411316053787
"359","norm_mix1","micePMM","X",-0.0333766987790728
"360","norm_mix1","micePMM","X2",-0.11121799426677
"361","norm_mix1","missForest","X",-0.0257012997206294
"362","norm_mix1","missForest","X2",-0.110150738744288
"363","norm_mix1","rfcont10","X",0.00561426074487059
"364","norm_mix1","rfcont10","X2",-0.0277482355353247
"365","norm_mix1","micePMM","X",-0.0402938925443741
"366","norm_mix1","micePMM","X2",-0.100247851206987
"367","norm_mix1","missForest","X",0.0614843409623895
"368","norm_mix1","missForest","X2",-0.00854940408830218
"369","norm_mix1","rfcont10","X",0.0582301013720821
"370","norm_mix1","rfcont10","X2",0.0409664535903331
"371","norm_mix1","micePMM","X",-0.00809273160385693
"372","norm_mix1","micePMM","X2",-0.0549076380701282
"373","norm_mix1","missForest","X",0.0178008644722727
"374","norm_mix1","missForest","X2",-0.100554710313961
"375","norm_mix1","rfcont10","X",0.0445306316307803
"376","norm_mix1","rfcont10","X2",0.0261300689818575
"377","norm_mix1","micePMM","X",-0.0033843586927037
"378","norm_mix1","micePMM","X2",-0.0444364234158252
"379","norm_mix1","missForest","X",0.0547013135047993
"380","norm_mix1","missForest","X2",-0.0231341102964329
"381","norm_mix1","rfcont10","X",0.0452719788695157
"382","norm_mix1","rfcont10","X2",0.00610872219123726
"383","norm_mix1","micePMM","X",-0.0135716343647296
"384","norm_mix1","micePMM","X2",-0.0741455550872724
"385","norm_mix1","missForest","X",0.071765172660224
"386","norm_mix1","missForest","X2",0.043846563991367
"387","norm_mix1","rfcont10","X",0.0421732634979954
"388","norm_mix1","rfcont10","X2",0.00760523704088834
"389","norm_mix1","micePMM","X",-0.0589231596405283
"390","norm_mix1","micePMM","X2",-0.1023654359176
"391","norm_mix1","missForest","X",0.0859130474935295
"392","norm_mix1","missForest","X2",0.0826564396605975
"393","norm_mix1","rfcont10","X",0.0587542401205505
"394","norm_mix1","rfcont10","X2",0.0452054145579839
"395","norm_mix1","micePMM","X",-0.0345740605021759
"396","norm_mix1","micePMM","X2",-0.0493582977221445
"397","norm_mix1","missForest","X",0.0553212107425261
"398","norm_mix1","missForest","X2",0.0455158968524907
"399","norm_mix1","rfcont10","X",0.0167604135083916
"400","norm_mix1","rfcont10","X2",-0.0248608648067853
"401","norm_mix1","micePMM","X",-0.0372341567740535
"402","norm_mix1","micePMM","X2",-0.0967533778486136
"403","norm_mix1","missForest","X",0.0164675679784585
"404","norm_mix1","missForest","X2",-0.114463129400189
"405","norm_mix1","rfcont10","X",0.0408441928490888
"406","norm_mix1","rfcont10","X2",0.0107459716112701
"407","norm_mix1","micePMM","X",-0.00585352510348303
"408","norm_mix1","micePMM","X2",-0.0528413172606813
"409","norm_mix1","missForest","X",0.0297783080281688
"410","norm_mix1","missForest","X2",-0.0797801856479334
"411","norm_mix1","rfcont10","X",0.0306989612330595
"412","norm_mix1","rfcont10","X2",0.00976969031133268
"413","norm_mix1","micePMM","X",-0.0389792155436298
"414","norm_mix1","micePMM","X2",-0.0749958045809291
"415","norm_mix1","missForest","X",0.0743886470207793
"416","norm_mix1","missForest","X2",0.12673070613535
"417","norm_mix1","rfcont10","X",0.0423618992381642
"418","norm_mix1","rfcont10","X2",0.0308764892836237
"419","norm_mix1","micePMM","X",-0.0211472710378666
"420","norm_mix1","micePMM","X2",-0.0367931093377869
"421","norm_mix1","missForest","X",0.0638246808494176
"422","norm_mix1","missForest","X2",0.0959780898781404
"423","norm_mix1","rfcont10","X",0.0561753622540206
"424","norm_mix1","rfcont10","X2",0.049375088435456
"425","norm_mix1","micePMM","X",-0.0138815688048898
"426","norm_mix1","micePMM","X2",-0.0607397523965572
"427","norm_mix1","missForest","X",-0.0165864726047866
"428","norm_mix1","missForest","X2",-0.109408264855249
"429","norm_mix1","rfcont10","X",0.0151629557354502
"430","norm_mix1","rfcont10","X2",-0.0114394753143967
"431","norm_mix1","micePMM","X",-0.0396742053886168
"432","norm_mix1","micePMM","X2",-0.0946867716154676
"433","norm_mix1","missForest","X",0.026878023271981
"434","norm_mix1","missForest","X2",-0.090536166976517
"435","norm_mix1","rfcont10","X",0.0308371316905229
"436","norm_mix1","rfcont10","X2",0.0107138972682104
"437","norm_mix1","micePMM","X",-0.0216369842827496
"438","norm_mix1","micePMM","X2",-0.0517831515368832
"439","norm_mix1","missForest","X",0.0070820467897752
"440","norm_mix1","missForest","X2",-0.105218513101038
"441","norm_mix1","rfcont10","X",0.0308427485559202
"442","norm_mix1","rfcont10","X2",-0.0011550973548724
"443","norm_mix1","micePMM","X",-0.0170580403325375
"444","norm_mix1","micePMM","X2",-0.0619651423680172
"445","norm_mix1","missForest","X",0.0934354580441255
"446","norm_mix1","missForest","X2",0.0671355746450575
"447","norm_mix1","rfcont10","X",0.0563091347738447
"448","norm_mix1","rfcont10","X2",0.0480451620954236
"449","norm_mix1","micePMM","X",-0.0319536454025621
"450","norm_mix1","micePMM","X2",-0.0791334158668102
"451","norm_mix1","missForest","X",-0.0179890760326844
"452","norm_mix1","missForest","X2",-0.146078586213888
"453","norm_mix1","rfcont10","X",0.0328570715023646
"454","norm_mix1","rfcont10","X2",0.00374430080514521
"455","norm_mix1","micePMM","X",0.0055338376844285
"456","norm_mix1","micePMM","X2",-0.0325469385233885
"457","norm_mix1","missForest","X",0.0189204706379533
"458","norm_mix1","missForest","X2",-0.00564707563154099
"459","norm_mix1","rfcont10","X",0.0346068648812985
"460","norm_mix1","rfcont10","X2",0.0121002995606707
"461","norm_mix1","micePMM","X",-0.0119655525324478
"462","norm_mix1","micePMM","X2",-0.0469651290904324
"463","norm_mix1","missForest","X",-0.0337871044184377
"464","norm_mix1","missForest","X2",-0.198826845021178
"465","norm_mix1","rfcont10","X",0.0247673255605081
"466","norm_mix1","rfcont10","X2",-0.0125961827999023
"467","norm_mix1","micePMM","X",-0.0228373365148483
"468","norm_mix1","micePMM","X2",-0.0991880177689529
"469","norm_mix1","missForest","X",0.00510950142147704
"470","norm_mix1","missForest","X2",-0.0973349083975618
"471","norm_mix1","rfcont10","X",0.0136213059090879
"472","norm_mix1","rfcont10","X2",-0.022432033155504
"473","norm_mix1","micePMM","X",-0.0436624902772447
"474","norm_mix1","micePMM","X2",-0.0923775759133354
"475","norm_mix1","missForest","X",0.0157964325581377
"476","norm_mix1","missForest","X2",-0.0770357824097389
"477","norm_mix1","rfcont10","X",0.0470333083909871
"478","norm_mix1","rfcont10","X2",0.0252975387764978
"479","norm_mix1","micePMM","X",-0.0164422031451523
"480","norm_mix1","micePMM","X2",-0.0626008481252571
"481","norm_mix1","missForest","X",0.0331030207390155
"482","norm_mix1","missForest","X2",-0.00762904714795654
"483","norm_mix1","rfcont10","X",0.0422478480986839
"484","norm_mix1","rfcont10","X2",0.00857485590660367
"485","norm_mix1","micePMM","X",-0.0355313302928396
"486","norm_mix1","micePMM","X2",-0.0816870445437071
"487","norm_mix1","missForest","X",0.0796492717969384
"488","norm_mix1","missForest","X2",0.059612209939216
"489","norm_mix1","rfcont10","X",0.0366150340414333
"490","norm_mix1","rfcont10","X2",0.0199068578741868
"491","norm_mix1","micePMM","X",-0.00339754711356255
"492","norm_mix1","micePMM","X2",-0.037130832772464
"493","norm_mix1","missForest","X",0.0478517049343086
"494","norm_mix1","missForest","X2",-0.0915782130296217
"495","norm_mix1","rfcont10","X",0.054750532848058
"496","norm_mix1","rfcont10","X2",0.034140733409767
"497","norm_mix1","micePMM","X",-0.019800121342971
"498","norm_mix1","micePMM","X2",-0.0638228363807886
"499","norm_mix1","missForest","X",0.0225996255587451
"500","norm_mix1","missForest","X2",-0.072994322658519
"501","norm_mix1","rfcont10","X",0.0424113991232646
"502","norm_mix1","rfcont10","X2",0.0203991556686423
"503","norm_mix1","micePMM","X",-0.0159138807809098
"504","norm_mix1","micePMM","X2",-0.0464559330842462
"505","norm_mix1","missForest","X",0.0491758185684228
"506","norm_mix1","missForest","X2",-0.0413254734983793
"507","norm_mix1","rfcont10","X",0.0429558264164622
"508","norm_mix1","rfcont10","X2",0.0169235021151763
"509","norm_mix1","micePMM","X",-0.0354804647340973
"510","norm_mix1","micePMM","X2",-0.079233868698625
"511","norm_mix1","missForest","X",0.011563423216556
"512","norm_mix1","missForest","X2",-0.0976260743761664
"513","norm_mix1","rfcont10","X",0.0256203410850273
"514","norm_mix1","rfcont10","X2",0.00242843597465736
"515","norm_mix1","micePMM","X",-0.0356860394450145
"516","norm_mix1","micePMM","X2",-0.0924358990258405
"517","norm_mix1","missForest","X",0.0322434997988985
"518","norm_mix1","missForest","X2",-0.0638005769244205
"519","norm_mix1","rfcont10","X",0.00883871839569217
"520","norm_mix1","rfcont10","X2",-0.0316875426727271
"521","norm_mix1","micePMM","X",-0.0368122018932829
"522","norm_mix1","micePMM","X2",-0.069969905329983
"523","norm_mix1","missForest","X",0.0170953934559901
"524","norm_mix1","missForest","X2",-0.0783329596183873
"525","norm_mix1","rfcont10","X",0.0530064088476303
"526","norm_mix1","rfcont10","X2",0.0382277908979416
"527","norm_mix1","micePMM","X",-0.0261544378723093
"528","norm_mix1","micePMM","X2",-0.0938667888037147
"529","norm_mix1","missForest","X",0.0648991125841927
"530","norm_mix1","missForest","X2",0.0120021343313672
"531","norm_mix1","rfcont10","X",0.0180822421607671
"532","norm_mix1","rfcont10","X2",-0.0129749850881293
"533","norm_mix1","micePMM","X",-0.0322172773052181
"534","norm_mix1","micePMM","X2",-0.0885664815356607
"535","norm_mix1","missForest","X",0.084804379189463
"536","norm_mix1","missForest","X2",0.0761309604744704
"537","norm_mix1","rfcont10","X",0.0332441437060444
"538","norm_mix1","rfcont10","X2",-0.00166964443797835
"539","norm_mix1","micePMM","X",-0.0316550348240884
"540","norm_mix1","micePMM","X2",-0.0800030771079042
"541","norm_mix1","missForest","X",0.0535923639059799
"542","norm_mix1","missForest","X2",0.0517613243211708
"543","norm_mix1","rfcont10","X",0.0327032001591703
"544","norm_mix1","rfcont10","X2",0.00416260858591611
"545","norm_mix1","micePMM","X",-0.0476333564770781
"546","norm_mix1","micePMM","X2",-0.100819765256394
"547","norm_mix1","missForest","X",0.0308677786252467
"548","norm_mix1","missForest","X2",-0.135443258759523
"549","norm_mix1","rfcont10","X",0.0554100285750991
"550","norm_mix1","rfcont10","X2",0.0419232666903766
"551","norm_mix1","micePMM","X",-0.0708121019799922
"552","norm_mix1","micePMM","X2",-0.110174481851434
"553","norm_mix1","missForest","X",-0.049238835823339
"554","norm_mix1","missForest","X2",-0.162863391628875
"555","norm_mix1","rfcont10","X",0.0152373972070639
"556","norm_mix1","rfcont10","X2",-0.0153781972642024
"557","norm_mix1","micePMM","X",-0.0434174492335516
"558","norm_mix1","micePMM","X2",-0.109400898945745
"559","norm_mix1","missForest","X",0.0298780820822957
"560","norm_mix1","missForest","X2",-0.125622013836234
"561","norm_mix1","rfcont10","X",0.0497547302567003
"562","norm_mix1","rfcont10","X2",0.050194168519103
"563","norm_mix1","micePMM","X",-0.0495826906289384
"564","norm_mix1","micePMM","X2",-0.0769171411378992
"565","norm_mix1","missForest","X",0.0400609478449603
"566","norm_mix1","missForest","X2",0.051842820260422
"567","norm_mix1","rfcont10","X",0.0519366416212459
"568","norm_mix1","rfcont10","X2",0.0398392994943659
"569","norm_mix1","micePMM","X",-0.046884393691191
"570","norm_mix1","micePMM","X2",-0.0580214257903452
"571","norm_mix1","missForest","X",0.0323676971369167
"572","norm_mix1","missForest","X2",-0.000557071638364937
"573","norm_mix1","rfcont10","X",0.0341508934718506
"574","norm_mix1","rfcont10","X2",0.0161785911647643
"575","norm_mix1","micePMM","X",-0.0363802422949995
"576","norm_mix1","micePMM","X2",-0.102910765589847
"577","norm_mix1","missForest","X",0.024684745030209
"578","norm_mix1","missForest","X2",-0.112521105307047
"579","norm_mix1","rfcont10","X",0.0328411698594104
"580","norm_mix1","rfcont10","X2",0.0103246577333149
"581","norm_mix1","micePMM","X",-0.0503337798829616
"582","norm_mix1","micePMM","X2",-0.0842752480881598
"583","norm_mix1","missForest","X",0.0271529096717571
"584","norm_mix1","missForest","X2",-0.0870763759970868
"585","norm_mix1","rfcont10","X",0.0371103649718076
"586","norm_mix1","rfcont10","X2",0.0155620623415416
"587","norm_mix1","micePMM","X",-0.0534825432396517
"588","norm_mix1","micePMM","X2",-0.117150267745637
"589","norm_mix1","missForest","X",0.0166449437868859
"590","norm_mix1","missForest","X2",-0.128421083923635
"591","norm_mix1","rfcont10","X",0.00869282727356513
"592","norm_mix1","rfcont10","X2",-0.0346880678268319
"593","norm_mix1","micePMM","X",-0.00849147759330793
"594","norm_mix1","micePMM","X2",-0.0545886867895634
"595","norm_mix1","missForest","X",0.0459348315323818
"596","norm_mix1","missForest","X2",0.0203806227759804
"597","norm_mix1","rfcont10","X",0.0358162914436395
"598","norm_mix1","rfcont10","X2",0.0103027326634815
"599","norm_mix1","micePMM","X",-0.0471547933817288
"600","norm_mix1","micePMM","X2",-0.10202572176947
"601","norm_mix2","missForest","X",0.050355223990123
"602","norm_mix2","missForest","X2",-0.0999216605309758
"603","norm_mix2","rfcont10","X",0.0523660396939112
"604","norm_mix2","rfcont10","X2",0.00818735774421997
"605","norm_mix2","micePMM","X",-0.0158411292246178
"606","norm_mix2","micePMM","X2",-0.0702586468097415
"607","norm_mix2","missForest","X",0.0527149043097646
"608","norm_mix2","missForest","X2",-0.0999829020486184
"609","norm_mix2","rfcont10","X",0.0393409431294776
"610","norm_mix2","rfcont10","X2",-0.0174305039780538
"611","norm_mix2","micePMM","X",-0.0316379287888474
"612","norm_mix2","micePMM","X2",-0.112221870247212
"613","norm_mix2","missForest","X",0.0424925890340224
"614","norm_mix2","missForest","X2",-0.0756141292482905
"615","norm_mix2","rfcont10","X",0.0407440266171892
"616","norm_mix2","rfcont10","X2",-0.0309721954930872
"617","norm_mix2","micePMM","X",-0.0333648537163336
"618","norm_mix2","micePMM","X2",-0.139208063951152
"619","norm_mix2","missForest","X",-0.0481630351482031
"620","norm_mix2","missForest","X2",-0.237011189971263
"621","norm_mix2","rfcont10","X",0.077551532034849
"622","norm_mix2","rfcont10","X2",0.0434189779722149
"623","norm_mix2","micePMM","X",0.0240840111073819
"624","norm_mix2","micePMM","X2",-0.0532410065903259
"625","norm_mix2","missForest","X",0.0378313290443912
"626","norm_mix2","missForest","X2",-0.107416246069201
"627","norm_mix2","rfcont10","X",0.0301616569418057
"628","norm_mix2","rfcont10","X2",-0.0364011633967778
"629","norm_mix2","micePMM","X",-0.0255003367948302
"630","norm_mix2","micePMM","X2",-0.12836029976769
"631","norm_mix2","missForest","X",0.0443528189446072
"632","norm_mix2","missForest","X2",-0.0950079096218216
"633","norm_mix2","rfcont10","X",0.0565806946883525
"634","norm_mix2","rfcont10","X2",0.0176691566232376
"635","norm_mix2","micePMM","X",-0.0395125186449881
"636","norm_mix2","micePMM","X2",-0.134375528316116
"637","norm_mix2","missForest","X",0.0401147592010316
"638","norm_mix2","missForest","X2",-0.112328689908906
"639","norm_mix2","rfcont10","X",0.0388634443305202
"640","norm_mix2","rfcont10","X2",0.00677344676817082
"641","norm_mix2","micePMM","X",-0.0080206759141791
"642","norm_mix2","micePMM","X2",-0.0729937773499317
"643","norm_mix2","missForest","X",0.0720375318981927
"644","norm_mix2","missForest","X2",-0.0459980483044489
"645","norm_mix2","rfcont10","X",0.0495682227069101
"646","norm_mix2","rfcont10","X2",0.0128168166061677
"647","norm_mix2","micePMM","X",-0.00412431660663681
"648","norm_mix2","micePMM","X2",-0.0773135611967124
"649","norm_mix2","missForest","X",0.115499282089458
"650","norm_mix2","missForest","X2",0.171422827636648
"651","norm_mix2","rfcont10","X",0.0593820649301005
"652","norm_mix2","rfcont10","X2",0.0399717773265307
"653","norm_mix2","micePMM","X",-0.02601855280823
"654","norm_mix2","micePMM","X2",-0.0878224170824963
"655","norm_mix2","missForest","X",0.0697679757226228
"656","norm_mix2","missForest","X2",-0.0973840362257624
"657","norm_mix2","rfcont10","X",0.0774007507135082
"658","norm_mix2","rfcont10","X2",0.0463621821229663
"659","norm_mix2","micePMM","X",0.0108826884195228
"660","norm_mix2","micePMM","X2",-0.0474362046269395
"661","norm_mix2","missForest","X",-0.0335639758307399
"662","norm_mix2","missForest","X2",-0.157864314241962
"663","norm_mix2","rfcont10","X",0.0597816417313275
"664","norm_mix2","rfcont10","X2",0.0259559110462526
"665","norm_mix2","micePMM","X",0.00711249989618534
"666","norm_mix2","micePMM","X2",-0.0517317347765638
"667","norm_mix2","missForest","X",0.0269276367095204
"668","norm_mix2","missForest","X2",-0.140326268674712
"669","norm_mix2","rfcont10","X",0.0426942424820849
"670","norm_mix2","rfcont10","X2",-0.00277190416876361
"671","norm_mix2","micePMM","X",-0.00515596026574827
"672","norm_mix2","micePMM","X2",-0.0806111780251155
"673","norm_mix2","missForest","X",-0.091040957299124
"674","norm_mix2","missForest","X2",-0.206251389668935
"675","norm_mix2","rfcont10","X",0.0432492229792003
"676","norm_mix2","rfcont10","X2",0.000555485451353643
"677","norm_mix2","micePMM","X",0.00622034895682755
"678","norm_mix2","micePMM","X2",-0.0672607622024765
"679","norm_mix2","missForest","X",-0.0218214193294275
"680","norm_mix2","missForest","X2",-0.136675764917675
"681","norm_mix2","rfcont10","X",0.0161970391054573
"682","norm_mix2","rfcont10","X2",-0.0566934928314641
"683","norm_mix2","micePMM","X",-0.0410067332737502
"684","norm_mix2","micePMM","X2",-0.144936489270674
"685","norm_mix2","missForest","X",0.0132726166283308
"686","norm_mix2","missForest","X2",-0.148440066999442
"687","norm_mix2","rfcont10","X",0.0562093283381493
"688","norm_mix2","rfcont10","X2",0.0149834048991222
"689","norm_mix2","micePMM","X",-0.031320975040645
"690","norm_mix2","micePMM","X2",-0.115474887303658
"691","norm_mix2","missForest","X",0.001824549700844
"692","norm_mix2","missForest","X2",-0.107231432035046
"693","norm_mix2","rfcont10","X",0.0657397639011823
"694","norm_mix2","rfcont10","X2",0.030261428393058
"695","norm_mix2","micePMM","X",-0.00600871309684581
"696","norm_mix2","micePMM","X2",-0.0675947813280553
"697","norm_mix2","missForest","X",-0.0858061234463396
"698","norm_mix2","missForest","X2",-0.175249154926993
"699","norm_mix2","rfcont10","X",0.0245129306767542
"700","norm_mix2","rfcont10","X2",-0.0292279324206388
"701","norm_mix2","micePMM","X",-0.0507969732107589
"702","norm_mix2","micePMM","X2",-0.161229727230059
"703","norm_mix2","missForest","X",-0.134271513965183
"704","norm_mix2","missForest","X2",-0.280779204134158
"705","norm_mix2","rfcont10","X",0.0437377607490308
"706","norm_mix2","rfcont10","X2",-0.0361546254699339
"707","norm_mix2","micePMM","X",-0.014174735651127
"708","norm_mix2","micePMM","X2",-0.115542798711845
"709","norm_mix2","missForest","X",0.0828548037773915
"710","norm_mix2","missForest","X2",0.000547297633312738
"711","norm_mix2","rfcont10","X",0.0484485067992284
"712","norm_mix2","rfcont10","X2",-0.0308990844365208
"713","norm_mix2","micePMM","X",0.0299976845568815
"714","norm_mix2","micePMM","X2",-0.0294163163513531
"715","norm_mix2","missForest","X",0.0609575719106124
"716","norm_mix2","missForest","X2",-0.0636117682912644
"717","norm_mix2","rfcont10","X",0.0345321123359024
"718","norm_mix2","rfcont10","X2",-0.0237930490202805
"719","norm_mix2","micePMM","X",-0.0276291456676548
"720","norm_mix2","micePMM","X2",-0.08978241649422
"721","norm_mix2","missForest","X",0.0728477800551839
"722","norm_mix2","missForest","X2",-0.146395275316913
"723","norm_mix2","rfcont10","X",0.069489174891443
"724","norm_mix2","rfcont10","X2",0.0368184768704978
"725","norm_mix2","micePMM","X",0.00822760828181557
"726","norm_mix2","micePMM","X2",-0.06065675758156
"727","norm_mix2","missForest","X",0.0612124817260731
"728","norm_mix2","missForest","X2",-0.101858529843145
"729","norm_mix2","rfcont10","X",0.0727073022040767
"730","norm_mix2","rfcont10","X2",0.0408540531608281
"731","norm_mix2","micePMM","X",0.0428187611858002
"732","norm_mix2","micePMM","X2",0.00152470776703395
"733","norm_mix2","missForest","X",0.0198533224001229
"734","norm_mix2","missForest","X2",-0.0916083416608642
"735","norm_mix2","rfcont10","X",0.0219783573802068
"736","norm_mix2","rfcont10","X2",-0.0376550077439738
"737","norm_mix2","micePMM","X",-0.018678089937903
"738","norm_mix2","micePMM","X2",-0.0989316920278218
"739","norm_mix2","missForest","X",0.0610533610690083
"740","norm_mix2","missForest","X2",-0.0963717339710357
"741","norm_mix2","rfcont10","X",0.0593497297725931
"742","norm_mix2","rfcont10","X2",0.00221956383630828
"743","norm_mix2","micePMM","X",-0.00489288861653392
"744","norm_mix2","micePMM","X2",-0.0848403986289066
"745","norm_mix2","missForest","X",-0.10475286360017
"746","norm_mix2","missForest","X2",-0.249536792246602
"747","norm_mix2","rfcont10","X",0.020301665254997
"748","norm_mix2","rfcont10","X2",-0.0262099503299128
"749","norm_mix2","micePMM","X",0.00460200029049096
"750","norm_mix2","micePMM","X2",-0.0538340439686856
"751","norm_mix2","missForest","X",0.100448931940448
"752","norm_mix2","missForest","X2",0.0529437432546749
"753","norm_mix2","rfcont10","X",0.0451693260204851
"754","norm_mix2","rfcont10","X2",-0.0109878897017105
"755","norm_mix2","micePMM","X",0.0342037856224613
"756","norm_mix2","micePMM","X2",-0.0200326229616565
"757","norm_mix2","missForest","X",0.0166770598474617
"758","norm_mix2","missForest","X2",-0.0871957085076189
"759","norm_mix2","rfcont10","X",0.022886170696174
"760","norm_mix2","rfcont10","X2",-0.0325111206963983
"761","norm_mix2","micePMM","X",-0.0348182219895528
"762","norm_mix2","micePMM","X2",-0.108969256345081
"763","norm_mix2","missForest","X",0.0215262623264498
"764","norm_mix2","missForest","X2",-0.122995104049609
"765","norm_mix2","rfcont10","X",0.0245437416946261
"766","norm_mix2","rfcont10","X2",-0.0221467531312726
"767","norm_mix2","micePMM","X",-0.0211283874571453
"768","norm_mix2","micePMM","X2",-0.10023563080016
"769","norm_mix2","missForest","X",-0.0402875570318784
"770","norm_mix2","missForest","X2",-0.137725724868166
"771","norm_mix2","rfcont10","X",0.0817001072238963
"772","norm_mix2","rfcont10","X2",0.0522253199857086
"773","norm_mix2","micePMM","X",0.0201392578154183
"774","norm_mix2","micePMM","X2",-0.0450049897425574
"775","norm_mix2","missForest","X",0.0462450753341388
"776","norm_mix2","missForest","X2",-0.0637168128755701
"777","norm_mix2","rfcont10","X",0.0664841638295082
"778","norm_mix2","rfcont10","X2",0.0310832968070824
"779","norm_mix2","micePMM","X",0.0348269472464604
"780","norm_mix2","micePMM","X2",-0.0205514001393758
"781","norm_mix2","missForest","X",0.096805261788655
"782","norm_mix2","missForest","X2",-0.0650503552523133
"783","norm_mix2","rfcont10","X",0.0710312780051188
"784","norm_mix2","rfcont10","X2",0.0317096703859552
"785","norm_mix2","micePMM","X",0.0155718239003073
"786","norm_mix2","micePMM","X2",-0.050123969792256
"787","norm_mix2","missForest","X",-0.00641255960843212
"788","norm_mix2","missForest","X2",-0.133250767170699
"789","norm_mix2","rfcont10","X",0.0282343762571182
"790","norm_mix2","rfcont10","X2",-0.0322982860928941
"791","norm_mix2","micePMM","X",-0.0136667927277517
"792","norm_mix2","micePMM","X2",-0.0930475995613882
"793","norm_mix2","missForest","X",0.0625777837301602
"794","norm_mix2","missForest","X2",-0.0256827891587893
"795","norm_mix2","rfcont10","X",0.0675855733026494
"796","norm_mix2","rfcont10","X2",0.0151410593522732
"797","norm_mix2","micePMM","X",0.0260198908238187
"798","norm_mix2","micePMM","X2",-0.0418751820578802
"799","norm_mix2","missForest","X",0.0297626448495016
"800","norm_mix2","missForest","X2",-0.0677378497163624
"801","norm_mix2","rfcont10","X",0.0566222640529925
"802","norm_mix2","rfcont10","X2",0.00933758706122512
"803","norm_mix2","micePMM","X",-0.000256933162418704
"804","norm_mix2","micePMM","X2",-0.102799426659524
"805","norm_mix2","missForest","X",0.0100499645541203
"806","norm_mix2","missForest","X2",-0.0951790954659857
"807","norm_mix2","rfcont10","X",0.0266168653626939
"808","norm_mix2","rfcont10","X2",-0.0264488624697793
"809","norm_mix2","micePMM","X",-0.0561705601023592
"810","norm_mix2","micePMM","X2",-0.148661660121639
"811","norm_mix2","missForest","X",0.110775873586476
"812","norm_mix2","missForest","X2",-0.0549461167793436
"813","norm_mix2","rfcont10","X",0.079174410207173
"814","norm_mix2","rfcont10","X2",0.0378464646471715
"815","norm_mix2","micePMM","X",0.0424216813877705
"816","norm_mix2","micePMM","X2",-0.0119758904695323
"817","norm_mix2","missForest","X",0.0650968894637822
"818","norm_mix2","missForest","X2",-0.100485451008409
"819","norm_mix2","rfcont10","X",0.0602542351070827
"820","norm_mix2","rfcont10","X2",0.0135365591471235
"821","norm_mix2","micePMM","X",0.00664769218112005
"822","norm_mix2","micePMM","X2",-0.057367417434791
"823","norm_mix2","missForest","X",0.0132492662653865
"824","norm_mix2","missForest","X2",-0.140271830635516
"825","norm_mix2","rfcont10","X",0.0296760484863157
"826","norm_mix2","rfcont10","X2",-0.00775106743743337
"827","norm_mix2","micePMM","X",-0.0189197118046558
"828","norm_mix2","micePMM","X2",-0.100984619446297
"829","norm_mix2","missForest","X",-0.124714002664379
"830","norm_mix2","missForest","X2",-0.135100377937766
"831","norm_mix2","rfcont10","X",0.0541130829759218
"832","norm_mix2","rfcont10","X2",-0.000785811898596833
"833","norm_mix2","micePMM","X",0.00388090238701988
"834","norm_mix2","micePMM","X2",-0.0693279668014594
"835","norm_mix2","missForest","X",-0.0946846190956776
"836","norm_mix2","missForest","X2",-0.185497188040338
"837","norm_mix2","rfcont10","X",0.0622907459004127
"838","norm_mix2","rfcont10","X2",0.0240887023330907
"839","norm_mix2","micePMM","X",0.0346485490019623
"840","norm_mix2","micePMM","X2",-0.0122646952338028
"841","norm_mix2","missForest","X",0.0315232554190179
"842","norm_mix2","missForest","X2",-0.123041016164981
"843","norm_mix2","rfcont10","X",0.0485258002659847
"844","norm_mix2","rfcont10","X2",-0.0258970612849515
"845","norm_mix2","micePMM","X",-0.0295327947241005
"846","norm_mix2","micePMM","X2",-0.134477890047653
"847","norm_mix2","missForest","X",0.0532536160200272
"848","norm_mix2","missForest","X2",-0.202129403476276
"849","norm_mix2","rfcont10","X",0.041131108244316
"850","norm_mix2","rfcont10","X2",-0.0174532507306472
"851","norm_mix2","micePMM","X",0.0179171787133992
"852","norm_mix2","micePMM","X2",-0.0196564325397495
"853","norm_mix2","missForest","X",0.000541210403512071
"854","norm_mix2","missForest","X2",-0.100826467758609
"855","norm_mix2","rfcont10","X",-0.00202169350898929
"856","norm_mix2","rfcont10","X2",-0.072704551737064
"857","norm_mix2","micePMM","X",-0.0510698825440135
"858","norm_mix2","micePMM","X2",-0.125765602970125
"859","norm_mix2","missForest","X",0.0576461553940779
"860","norm_mix2","missForest","X2",-0.044189282935765
"861","norm_mix2","rfcont10","X",0.0592373333923517
"862","norm_mix2","rfcont10","X2",0.0355345430760003
"863","norm_mix2","micePMM","X",0.0251637807448111
"864","norm_mix2","micePMM","X2",-0.0285623182485182
"865","norm_mix2","missForest","X",0.0566691064451956
"866","norm_mix2","missForest","X2",-0.0961892752892538
"867","norm_mix2","rfcont10","X",0.0456565446357131
"868","norm_mix2","rfcont10","X2",-0.00195300551512978
"869","norm_mix2","micePMM","X",-0.00375684164442314
"870","norm_mix2","micePMM","X2",-0.0604056323537258
"871","norm_mix2","missForest","X",0.103429596436239
"872","norm_mix2","missForest","X2",0.0215057511091254
"873","norm_mix2","rfcont10","X",0.0778838981180605
"874","norm_mix2","rfcont10","X2",0.0445415090138714
"875","norm_mix2","micePMM","X",0.0519849622974027
"876","norm_mix2","micePMM","X2",0.00820543644104132
"877","norm_mix2","missForest","X",0.0426474861946002
"878","norm_mix2","missForest","X2",-0.0640445570838928
"879","norm_mix2","rfcont10","X",0.0543891854799332
"880","norm_mix2","rfcont10","X2",0.0185572140501429
"881","norm_mix2","micePMM","X",-0.0100083537731956
"882","norm_mix2","micePMM","X2",-0.0788361487815439
"883","norm_mix2","missForest","X",0.101904035824334
"884","norm_mix2","missForest","X2",0.0689603279494653
"885","norm_mix2","rfcont10","X",0.0673286360643366
"886","norm_mix2","rfcont10","X2",0.0264506049931206
"887","norm_mix2","micePMM","X",0.00625580845723661
"888","norm_mix2","micePMM","X2",-0.0475096192911286
"889","norm_mix2","missForest","X",-0.0367307482648146
"890","norm_mix2","missForest","X2",-0.109636477753559
"891","norm_mix2","rfcont10","X",0.0533568848793329
"892","norm_mix2","rfcont10","X2",0.0103369854074076
"893","norm_mix2","micePMM","X",0.0126047578410726
"894","norm_mix2","micePMM","X2",-0.0551257943108808
"895","norm_mix2","missForest","X",-0.0330932713325875
"896","norm_mix2","missForest","X2",-0.157364191659249
"897","norm_mix2","rfcont10","X",-0.000914413330977526
"898","norm_mix2","rfcont10","X2",-0.0813059499631342
"899","norm_mix2","micePMM","X",-0.0501301996347631
"900","norm_mix2","micePMM","X2",-0.160983040643038
"901","norm_mix2","missForest","X",0.0361995152877903
"902","norm_mix2","missForest","X2",-0.127102492063662
"903","norm_mix2","rfcont10","X",0.0497075274557097
"904","norm_mix2","rfcont10","X2",0.00933057957364669
"905","norm_mix2","micePMM","X",-0.0108720508572585
"906","norm_mix2","micePMM","X2",-0.0848520561483448
"907","norm_mix2","missForest","X",0.000475145061705318
"908","norm_mix2","missForest","X2",-0.134938354692485
"909","norm_mix2","rfcont10","X",0.0624285341681663
"910","norm_mix2","rfcont10","X2",0.0345962683841077
"911","norm_mix2","micePMM","X",-0.010277514755818
"912","norm_mix2","micePMM","X2",-0.0788113903421674
"913","norm_mix2","missForest","X",0.0574912395146727
"914","norm_mix2","missForest","X2",-0.0874907425445598
"915","norm_mix2","rfcont10","X",0.0320513076374771
"916","norm_mix2","rfcont10","X2",-0.0242618402817167
"917","norm_mix2","micePMM","X",-0.0263697729292304
"918","norm_mix2","micePMM","X2",-0.125977263540552
"919","norm_mix2","missForest","X",0.10249124766854
"920","norm_mix2","missForest","X2",-0.0649997697261961
"921","norm_mix2","rfcont10","X",0.0805665761255934
"922","norm_mix2","rfcont10","X2",0.0361865713191785
"923","norm_mix2","micePMM","X",0.037785340593018
"924","norm_mix2","micePMM","X2",-0.033161829669151
"925","norm_mix2","missForest","X",0.0148257514260857
"926","norm_mix2","missForest","X2",-0.136559116499186
"927","norm_mix2","rfcont10","X",0.0232686431810427
"928","norm_mix2","rfcont10","X2",-0.0421196006461302
"929","norm_mix2","micePMM","X",-0.0158018540861805
"930","norm_mix2","micePMM","X2",-0.100265176501883
"931","norm_mix2","missForest","X",-0.083384508573119
"932","norm_mix2","missForest","X2",-0.225507693677652
"933","norm_mix2","rfcont10","X",0.0491648724642266
"934","norm_mix2","rfcont10","X2",-0.00905669170961265
"935","norm_mix2","micePMM","X",-0.021131552485868
"936","norm_mix2","micePMM","X2",-0.115632125608311
"937","norm_mix2","missForest","X",0.0469559870431295
"938","norm_mix2","missForest","X2",-0.0028151406287833
"939","norm_mix2","rfcont10","X",0.0396523566050031
"940","norm_mix2","rfcont10","X2",-0.00181402466559522
"941","norm_mix2","micePMM","X",-0.0208314771619388
"942","norm_mix2","micePMM","X2",-0.0979649373972157
"943","norm_mix2","missForest","X",0.0130406164505894
"944","norm_mix2","missForest","X2",-0.106931007327751
"945","norm_mix2","rfcont10","X",0.0601418381370797
"946","norm_mix2","rfcont10","X2",0.0231830244712155
"947","norm_mix2","micePMM","X",0.0177877529411208
"948","norm_mix2","micePMM","X2",-0.0468306317919039
"949","norm_mix2","missForest","X",0.0792549034743526
"950","norm_mix2","missForest","X2",-0.070108549922716
"951","norm_mix2","rfcont10","X",0.0609374043954911
"952","norm_mix2","rfcont10","X2",0.00227334513848287
"953","norm_mix2","micePMM","X",-0.0400614640673266
"954","norm_mix2","micePMM","X2",-0.141367319855272
"955","norm_mix2","missForest","X",-0.0361778168834251
"956","norm_mix2","missForest","X2",-0.149018750400726
"957","norm_mix2","rfcont10","X",0.036276471642704
"958","norm_mix2","rfcont10","X2",-0.0119710650879591
"959","norm_mix2","micePMM","X",-0.0331457698960658
"960","norm_mix2","micePMM","X2",-0.102795371280795
"961","norm_mix2","missForest","X",0.0294308340298546
"962","norm_mix2","missForest","X2",-0.0928051464324934
"963","norm_mix2","rfcont10","X",0.0170493209658471
"964","norm_mix2","rfcont10","X2",-0.0225660008543076
"965","norm_mix2","micePMM","X",-0.0279017535419112
"966","norm_mix2","micePMM","X2",-0.101797505351926
"967","norm_mix2","missForest","X",0.0140702041531164
"968","norm_mix2","missForest","X2",-0.0710251575362573
"969","norm_mix2","rfcont10","X",0.0806200429250195
"970","norm_mix2","rfcont10","X2",0.0446544353819673
"971","norm_mix2","micePMM","X",0.0217333604210774
"972","norm_mix2","micePMM","X2",-0.0303702647223799
"973","norm_mix2","missForest","X",0.0153211294111555
"974","norm_mix2","missForest","X2",-0.0943539397882253
"975","norm_mix2","rfcont10","X",0.0405532197712846
"976","norm_mix2","rfcont10","X2",-0.00541126735254138
"977","norm_mix2","micePMM","X",-0.00812444248461441
"978","norm_mix2","micePMM","X2",-0.0680097596217829
"979","norm_mix2","missForest","X",-0.0949420500932908
"980","norm_mix2","missForest","X2",-0.233517603027303
"981","norm_mix2","rfcont10","X",0.0124488446684345
"982","norm_mix2","rfcont10","X2",-0.0487129921207556
"983","norm_mix2","micePMM","X",-0.0325057138630289
"984","norm_mix2","micePMM","X2",-0.140015768127058
"985","norm_mix2","missForest","X",-0.0339135048645298
"986","norm_mix2","missForest","X2",-0.114584433116372
"987","norm_mix2","rfcont10","X",0.0723852212503047
"988","norm_mix2","rfcont10","X2",0.0456538048500477
"989","norm_mix2","micePMM","X",0.0400319175971877
"990","norm_mix2","micePMM","X2",-0.02943659617998
"991","norm_mix2","missForest","X",-0.0746700784088132
"992","norm_mix2","missForest","X2",-0.172767981993477
"993","norm_mix2","rfcont10","X",0.0137197012938925
"994","norm_mix2","rfcont10","X2",-0.0414683770102975
"995","norm_mix2","micePMM","X",-0.00568356935208947
"996","norm_mix2","micePMM","X2",-0.0706922771888651
"997","norm_mix2","missForest","X",0.0392801742091251
"998","norm_mix2","missForest","X2",-0.158811813764489
"999","norm_mix2","rfcont10","X",0.0706265242532398
"1000","norm_mix2","rfcont10","X2",0.0149726122034015
"1001","norm_mix2","micePMM","X",-0.0243787026762576
"1002","norm_mix2","micePMM","X2",-0.102378851889307
"1003","norm_mix2","missForest","X",0.0392509029072599
"1004","norm_mix2","missForest","X2",-0.125951183198891
"1005","norm_mix2","rfcont10","X",0.0447368150240954
"1006","norm_mix2","rfcont10","X2",-0.000464291679319939
"1007","norm_mix2","micePMM","X",-0.00681246635662058
"1008","norm_mix2","micePMM","X2",-0.0758229971002942
"1009","norm_mix2","missForest","X",0.0297202812647008
"1010","norm_mix2","missForest","X2",-0.107031856891664
"1011","norm_mix2","rfcont10","X",0.0719622575826515
"1012","norm_mix2","rfcont10","X2",0.0273237911998265
"1013","norm_mix2","micePMM","X",0.0143376413602068
"1014","norm_mix2","micePMM","X2",-0.0517918795955266
"1015","norm_mix2","missForest","X",0.0275777649730262
"1016","norm_mix2","missForest","X2",-0.110292984325328
"1017","norm_mix2","rfcont10","X",0.0206469204388131
"1018","norm_mix2","rfcont10","X2",-0.0568018826716646
"1019","norm_mix2","micePMM","X",-0.00573966379685031
"1020","norm_mix2","micePMM","X2",-0.091601843906846
"1021","norm_mix2","missForest","X",-0.116163085678613
"1022","norm_mix2","missForest","X2",-0.258299022975645
"1023","norm_mix2","rfcont10","X",0.0299727318347318
"1024","norm_mix2","rfcont10","X2",-0.04031922397492
"1025","norm_mix2","micePMM","X",-0.0260875773024783
"1026","norm_mix2","micePMM","X2",-0.126899871764905
"1027","norm_mix2","missForest","X",0.0601988478202626
"1028","norm_mix2","missForest","X2",-0.100077794914386
"1029","norm_mix2","rfcont10","X",0.0698561954422403
"1030","norm_mix2","rfcont10","X2",0.0285699489322295
"1031","norm_mix2","micePMM","X",0.0330590101653383
"1032","norm_mix2","micePMM","X2",-0.0271155459347234
"1033","norm_mix2","missForest","X",-0.0570960811143419
"1034","norm_mix2","missForest","X2",-0.24037908551175
"1035","norm_mix2","rfcont10","X",0.0209887302020024
"1036","norm_mix2","rfcont10","X2",-0.0562706590351738
"1037","norm_mix2","micePMM","X",-0.0362921907313786
"1038","norm_mix2","micePMM","X2",-0.142627940140057
"1039","norm_mix2","missForest","X",0.0736877890576506
"1040","norm_mix2","missForest","X2",-0.176307059619127
"1041","norm_mix2","rfcont10","X",0.0605257308886484
"1042","norm_mix2","rfcont10","X2",-0.00615388669535044
"1043","norm_mix2","micePMM","X",-0.0433959165581207
"1044","norm_mix2","micePMM","X2",-0.133119393426331
"1045","norm_mix2","missForest","X",0.0506053216939699
"1046","norm_mix2","missForest","X2",-0.0758994947115216
"1047","norm_mix2","rfcont10","X",0.0552753841102478
"1048","norm_mix2","rfcont10","X2",0.0245928743100825
"1049","norm_mix2","micePMM","X",-0.00217640348572579
"1050","norm_mix2","micePMM","X2",-0.0586729672661992
"1051","norm_mix2","missForest","X",0.0710887583133677
"1052","norm_mix2","missForest","X2",-0.0660297317871643
"1053","norm_mix2","rfcont10","X",0.0585402931043961
"1054","norm_mix2","rfcont10","X2",-0.00283340730290293
"1055","norm_mix2","micePMM","X",0.00293339947683169
"1056","norm_mix2","micePMM","X2",-0.0764629591172676
"1057","norm_mix2","missForest","X",0.00114738516597712
"1058","norm_mix2","missForest","X2",-0.134065144701858
"1059","norm_mix2","rfcont10","X",0.013655548510294
"1060","norm_mix2","rfcont10","X2",-0.0420635621811248
"1061","norm_mix2","micePMM","X",-0.0253733582386427
"1062","norm_mix2","micePMM","X2",-0.11992383840772
"1063","norm_mix2","missForest","X",-0.107402839483848
"1064","norm_mix2","missForest","X2",-0.209188353096884
"1065","norm_mix2","rfcont10","X",0.0648393767422399
"1066","norm_mix2","rfcont10","X2",0.0163623113071745
"1067","norm_mix2","micePMM","X",0.0192572191807721
"1068","norm_mix2","micePMM","X2",-0.0596124747081123
"1069","norm_mix2","missForest","X",0.0345487828450519
"1070","norm_mix2","missForest","X2",-0.103433665564164
"1071","norm_mix2","rfcont10","X",0.0556806483137295
"1072","norm_mix2","rfcont10","X2",9.74040710663981e-05
"1073","norm_mix2","micePMM","X",-0.0277785498502826
"1074","norm_mix2","micePMM","X2",-0.116334028995191
"1075","norm_mix2","missForest","X",0.0565586939278655
"1076","norm_mix2","missForest","X2",-0.0693548644781397
"1077","norm_mix2","rfcont10","X",0.0735088742234533
"1078","norm_mix2","rfcont10","X2",0.0419765125048945
"1079","norm_mix2","micePMM","X",-0.0010244811043344
"1080","norm_mix2","micePMM","X2",-0.0822637774003373
"1081","norm_mix2","missForest","X",0.0241295757801501
"1082","norm_mix2","missForest","X2",-0.117169707717594
"1083","norm_mix2","rfcont10","X",0.0838205590449825
"1084","norm_mix2","rfcont10","X2",0.0645514790799049
"1085","norm_mix2","micePMM","X",0.0273614559410709
"1086","norm_mix2","micePMM","X2",-0.0310860236631569
"1087","norm_mix2","missForest","X",0.0168806651986957
"1088","norm_mix2","missForest","X2",-0.143454349884773
"1089","norm_mix2","rfcont10","X",0.0406791961691602
"1090","norm_mix2","rfcont10","X2",-0.0122017277147702
"1091","norm_mix2","micePMM","X",-0.00516745226971016
"1092","norm_mix2","micePMM","X2",-0.072496152415275
"1093","norm_mix2","missForest","X",0.0658866771973079
"1094","norm_mix2","missForest","X2",-0.0653418033373203
"1095","norm_mix2","rfcont10","X",0.022062164454604
"1096","norm_mix2","rfcont10","X2",-0.039940623801954
"1097","norm_mix2","micePMM","X",-0.00327285389252585
"1098","norm_mix2","micePMM","X2",-0.0591563594164801
"1099","norm_mix2","missForest","X",-0.0155159189479374
"1100","norm_mix2","missForest","X2",-0.160757758965826
"1101","norm_mix2","rfcont10","X",0.0204372537134212
"1102","norm_mix2","rfcont10","X2",-0.0353420399375053
"1103","norm_mix2","micePMM","X",-0.00974487024746284
"1104","norm_mix2","micePMM","X2",-0.0811825288050965
"1105","norm_mix2","missForest","X",-0.026297475119716
"1106","norm_mix2","missForest","X2",-0.118684879834083
"1107","norm_mix2","rfcont10","X",0.0436204121077295
"1108","norm_mix2","rfcont10","X2",-0.000247360606893121
"1109","norm_mix2","micePMM","X",-0.0292478866538385
"1110","norm_mix2","micePMM","X2",-0.0995267336719791
"1111","norm_mix2","missForest","X",0.0767962634898358
"1112","norm_mix2","missForest","X2",-0.0978633395143416
"1113","norm_mix2","rfcont10","X",0.0543506515865018
"1114","norm_mix2","rfcont10","X2",0.011676434901301
"1115","norm_mix2","micePMM","X",0.00325905432124052
"1116","norm_mix2","micePMM","X2",-0.0778883909772042
"1117","norm_mix2","missForest","X",-0.0303891533533384
"1118","norm_mix2","missForest","X2",-0.164510415268472
"1119","norm_mix2","rfcont10","X",0.028773101926969
"1120","norm_mix2","rfcont10","X2",-0.0495326160066717
"1121","norm_mix2","micePMM","X",-0.0489182938995646
"1122","norm_mix2","micePMM","X2",-0.155895371586841
"1123","norm_mix2","missForest","X",0.0235076612211267
"1124","norm_mix2","missForest","X2",-0.127098616395614
"1125","norm_mix2","rfcont10","X",0.0346151781802027
"1126","norm_mix2","rfcont10","X2",-0.0282578859274774
"1127","norm_mix2","micePMM","X",-0.0111944524237692
"1128","norm_mix2","micePMM","X2",-0.0933322908435588
"1129","norm_mix2","missForest","X",-0.0134932242498386
"1130","norm_mix2","missForest","X2",-0.12655374934001
"1131","norm_mix2","rfcont10","X",0.0632486593800154
"1132","norm_mix2","rfcont10","X2",0.0186798056688768
"1133","norm_mix2","micePMM","X",0.0153983019814661
"1134","norm_mix2","micePMM","X2",-0.036883855188709
"1135","norm_mix2","missForest","X",0.0458316904412606
"1136","norm_mix2","missForest","X2",-0.137928668966368
"1137","norm_mix2","rfcont10","X",0.0605620507593472
"1138","norm_mix2","rfcont10","X2",0.011356722741968
"1139","norm_mix2","micePMM","X",0.00470980930601494
"1140","norm_mix2","micePMM","X2",-0.0684564824332063
"1141","norm_mix2","missForest","X",-0.00518801015552561
"1142","norm_mix2","missForest","X2",-0.144852986165286
"1143","norm_mix2","rfcont10","X",0.0570268236387541
"1144","norm_mix2","rfcont10","X2",0.0110943720704715
"1145","norm_mix2","micePMM","X",-0.0311532990711949
"1146","norm_mix2","micePMM","X2",-0.115404291003631
"1147","norm_mix2","missForest","X",-0.101312395456379
"1148","norm_mix2","missForest","X2",-0.302065218938683
"1149","norm_mix2","rfcont10","X",-0.0386040858408401
"1150","norm_mix2","rfcont10","X2",-0.125923060870138
"1151","norm_mix2","micePMM","X",-0.0236401951284829
"1152","norm_mix2","micePMM","X2",-0.114953843126269
"1153","norm_mix2","missForest","X",0.0901969745199414
"1154","norm_mix2","missForest","X2",-0.0924407070244854
"1155","norm_mix2","rfcont10","X",0.0792110254340124
"1156","norm_mix2","rfcont10","X2",0.0426109018357148
"1157","norm_mix2","micePMM","X",0.0138758487518396
"1158","norm_mix2","micePMM","X2",-0.0446007988168285
"1159","norm_mix2","missForest","X",0.0349057356102902
"1160","norm_mix2","missForest","X2",-0.115455254824524
"1161","norm_mix2","rfcont10","X",0.0304845870823571
"1162","norm_mix2","rfcont10","X2",-0.0140954089064382
"1163","norm_mix2","micePMM","X",-0.0198809935329727
"1164","norm_mix2","micePMM","X2",-0.105622205729803
"1165","norm_mix2","missForest","X",0.041927355766302
"1166","norm_mix2","missForest","X2",-0.0996799342423713
"1167","norm_mix2","rfcont10","X",0.0850804038731299
"1168","norm_mix2","rfcont10","X2",0.0488273334060276
"1169","norm_mix2","micePMM","X",0.0728226175920352
"1170","norm_mix2","micePMM","X2",0.0179098196330036
"1171","norm_mix2","missForest","X",0.045033415348819
"1172","norm_mix2","missForest","X2",-0.156225788091932
"1173","norm_mix2","rfcont10","X",0.0603029296877398
"1174","norm_mix2","rfcont10","X2",0.00387153014797637
"1175","norm_mix2","micePMM","X",-0.0419468146625334
"1176","norm_mix2","micePMM","X2",-0.141269907493111
"1177","norm_mix2","missForest","X",0.0622011308614063
"1178","norm_mix2","missForest","X2",-0.0629955092037593
"1179","norm_mix2","rfcont10","X",0.0672491711036332
"1180","norm_mix2","rfcont10","X2",0.0299004529212838
"1181","norm_mix2","micePMM","X",0.00161739876184885
"1182","norm_mix2","micePMM","X2",-0.0618723970629456
"1183","norm_mix2","missForest","X",0.0510498450687582
"1184","norm_mix2","missForest","X2",-0.108506983666219
"1185","norm_mix2","rfcont10","X",0.0491048090591526
"1186","norm_mix2","rfcont10","X2",0.0171644952719572
"1187","norm_mix2","micePMM","X",0.013418853639227
"1188","norm_mix2","micePMM","X2",-0.0366731830909337
"1189","norm_mix2","missForest","X",0.0507461659696207
"1190","norm_mix2","missForest","X2",-0.0719198266985647
"1191","norm_mix2","rfcont10","X",0.0800930723132915
"1192","norm_mix2","rfcont10","X2",0.0547510092612518
"1193","norm_mix2","micePMM","X",0.00995527999080115
"1194","norm_mix2","micePMM","X2",-0.0496693970513882
"1195","norm_mix2","missForest","X",0.0859640369287085
"1196","norm_mix2","missForest","X2",0.0149744071232778
"1197","norm_mix2","rfcont10","X",0.059150875148468
"1198","norm_mix2","rfcont10","X2",0.0196606670644313
"1199","norm_mix2","micePMM","X",0.0120924814860321
"1200","norm_mix2","micePMM","X2",-0.0501497929979371
