"","dist","estimator","col","relb_coef"
"1","norm_mix1","missForest","X",3.99857704080253
"2","norm_mix1","missForest","X2",-0.232918151642313
"3","norm_mix1","rfcont10","X",-0.191836185185978
"4","norm_mix1","rfcont10","X2",0.468817272527397
"5","norm_mix1","micePMM","X",7.70291363394436
"6","norm_mix1","micePMM","X2",-1.15207654162166
"7","norm_mix1","missForest","X",12.7566317654335
"8","norm_mix1","missForest","X2",-0.573722172435311
"9","norm_mix1","rfcont10","X",1.92751886002129
"10","norm_mix1","rfcont10","X2",0.309241288202316
"11","norm_mix1","micePMM","X",10.4739274664208
"12","norm_mix1","micePMM","X2",-0.713046746074095
"13","norm_mix1","missForest","X",-1.87275594306696
"14","norm_mix1","missForest","X2",1.31130149109517
"15","norm_mix1","rfcont10","X",0.537580792105912
"16","norm_mix1","rfcont10","X2",0.368044902481979
"17","norm_mix1","micePMM","X",3.84276186392237
"18","norm_mix1","micePMM","X2",-1.36589592050301
"19","norm_mix1","missForest","X",5.17780472201656
"20","norm_mix1","missForest","X2",-2.17362122391635
"21","norm_mix1","rfcont10","X",1.47872769331278
"22","norm_mix1","rfcont10","X2",0.00115741609242833
"23","norm_mix1","micePMM","X",4.87979732541387
"24","norm_mix1","micePMM","X2",-2.34168415003018
"25","norm_mix1","missForest","X",1.64334949850185
"26","norm_mix1","missForest","X2",0.0715394273942158
"27","norm_mix1","rfcont10","X",0.756243569015685
"28","norm_mix1","rfcont10","X2",0.280383000615746
"29","norm_mix1","micePMM","X",4.10886377947066
"30","norm_mix1","micePMM","X2",-1.23403749533817
"31","norm_mix1","missForest","X",-12.5541311398745
"32","norm_mix1","missForest","X2",-0.884630168398333
"33","norm_mix1","rfcont10","X",-2.07496447069716
"34","norm_mix1","rfcont10","X2",0.186640587857234
"35","norm_mix1","micePMM","X",-9.69823073841945
"36","norm_mix1","micePMM","X2",-0.877576214627028
"37","norm_mix1","missForest","X",-22.4766603674193
"38","norm_mix1","missForest","X2",-0.765853248664356
"39","norm_mix1","rfcont10","X",0.597130897389179
"40","norm_mix1","rfcont10","X2",0.486134632191413
"41","norm_mix1","micePMM","X",-14.0730209131739
"42","norm_mix1","micePMM","X2",-0.624816433669937
"43","norm_mix1","missForest","X",-4.45721883732544
"44","norm_mix1","missForest","X2",1.33162203865977
"45","norm_mix1","rfcont10","X",3.22378408660534
"46","norm_mix1","rfcont10","X2",-0.0862427759294456
"47","norm_mix1","micePMM","X",4.03463498910809
"48","norm_mix1","micePMM","X2",-0.829283311272388
"49","norm_mix1","missForest","X",-0.826025042701544
"50","norm_mix1","missForest","X2",2.31706632465592
"51","norm_mix1","rfcont10","X",0.540946032023896
"52","norm_mix1","rfcont10","X2",-0.0849631420188442
"53","norm_mix1","micePMM","X",1.63049348234658
"54","norm_mix1","micePMM","X2",-2.76320108896176
"55","norm_mix1","missForest","X",1.63588530233669
"56","norm_mix1","missForest","X2",0.815589872188078
"57","norm_mix1","rfcont10","X",-0.744428748783977
"58","norm_mix1","rfcont10","X2",0.0237604598614268
"59","norm_mix1","micePMM","X",0.7702806684734
"60","norm_mix1","micePMM","X2",0.121083828398763
"61","norm_mix1","missForest","X",-2.24312353654223
"62","norm_mix1","missForest","X2",1.3786483116917
"63","norm_mix1","rfcont10","X",-0.00626674307535303
"64","norm_mix1","rfcont10","X2",0.519062510850327
"65","norm_mix1","micePMM","X",2.99362810274396
"66","norm_mix1","micePMM","X2",-1.15171586825551
"67","norm_mix1","missForest","X",10.7656322379131
"68","norm_mix1","missForest","X2",-1.7301298893719
"69","norm_mix1","rfcont10","X",1.44287667507012
"70","norm_mix1","rfcont10","X2",0.253700510904119
"71","norm_mix1","micePMM","X",2.59403221039037
"72","norm_mix1","micePMM","X2",-0.672921314819608
"73","norm_mix1","missForest","X",-7.80490739152597
"74","norm_mix1","missForest","X2",1.16343516756424
"75","norm_mix1","rfcont10","X",0.503888298431047
"76","norm_mix1","rfcont10","X2",0.453301024752188
"77","norm_mix1","micePMM","X",14.1541067648401
"78","norm_mix1","micePMM","X2",-1.06927503663696
"79","norm_mix1","missForest","X",-3.68515519513146
"80","norm_mix1","missForest","X2",1.96224074196674
"81","norm_mix1","rfcont10","X",1.40824471001896
"82","norm_mix1","rfcont10","X2",0.0473350656474573
"83","norm_mix1","micePMM","X",4.17283062356424
"84","norm_mix1","micePMM","X2",-1.56878862872333
"85","norm_mix1","missForest","X",-8.0400250890127
"86","norm_mix1","missForest","X2",0.998520218661949
"87","norm_mix1","rfcont10","X",-0.240785523909637
"88","norm_mix1","rfcont10","X2",0.498179128917914
"89","norm_mix1","micePMM","X",15.4324291663456
"90","norm_mix1","micePMM","X2",-0.956243676459667
"91","norm_mix1","missForest","X",-3.42942462988331
"92","norm_mix1","missForest","X2",0.898829068804364
"93","norm_mix1","rfcont10","X",0.481502512707494
"94","norm_mix1","rfcont10","X2",0.417375392107484
"95","norm_mix1","micePMM","X",8.29010122970306
"96","norm_mix1","micePMM","X2",-0.943572126722937
"97","norm_mix1","missForest","X",4.01493048099516
"98","norm_mix1","missForest","X2",-1.32010811544158
"99","norm_mix1","rfcont10","X",-0.0851566030236281
"100","norm_mix1","rfcont10","X2",0.664538894577327
"101","norm_mix1","micePMM","X",2.34336787781084
"102","norm_mix1","micePMM","X2",-0.983730370020488
"103","norm_mix1","missForest","X",0.887147525927829
"104","norm_mix1","missForest","X2",-0.0362083361651996
"105","norm_mix1","rfcont10","X",0.938433375298501
"106","norm_mix1","rfcont10","X2",-0.0897752555703457
"107","norm_mix1","micePMM","X",2.46543958087238
"108","norm_mix1","micePMM","X2",-1.63852137081023
"109","norm_mix1","missForest","X",-1.35465575363678
"110","norm_mix1","missForest","X2",0.648580895125112
"111","norm_mix1","rfcont10","X",1.49630124595341
"112","norm_mix1","rfcont10","X2",0.237215737639713
"113","norm_mix1","micePMM","X",9.79419336831896
"114","norm_mix1","micePMM","X2",-1.25149114919466
"115","norm_mix1","missForest","X",-5.44849851534838
"116","norm_mix1","missForest","X2",1.10501669565975
"117","norm_mix1","rfcont10","X",0.993288072293877
"118","norm_mix1","rfcont10","X2",0.317331974276723
"119","norm_mix1","micePMM","X",9.16877477675827
"120","norm_mix1","micePMM","X2",-1.00237493188251
"121","norm_mix1","missForest","X",0.0117158189726015
"122","norm_mix1","missForest","X2",0.59244597597653
"123","norm_mix1","rfcont10","X",0.763840175140629
"124","norm_mix1","rfcont10","X2",0.280376127036613
"125","norm_mix1","micePMM","X",4.11262220472476
"126","norm_mix1","micePMM","X2",-1.40741777613303
"127","norm_mix1","missForest","X",-1.07011270830079
"128","norm_mix1","missForest","X2",1.22048409831757
"129","norm_mix1","rfcont10","X",0.0583395155575313
"130","norm_mix1","rfcont10","X2",0.587666094045907
"131","norm_mix1","micePMM","X",2.02604510211366
"132","norm_mix1","micePMM","X2",-1.0203510006756
"133","norm_mix1","missForest","X",3.8619974275777
"134","norm_mix1","missForest","X2",-2.08869753632503
"135","norm_mix1","rfcont10","X",0.192118588014092
"136","norm_mix1","rfcont10","X2",0.534653274101375
"137","norm_mix1","micePMM","X",1.98072082974527
"138","norm_mix1","micePMM","X2",-1.1688821232207
"139","norm_mix1","missForest","X",-2.48307115369058
"140","norm_mix1","missForest","X2",2.25436669135297
"141","norm_mix1","rfcont10","X",0.414943973560118
"142","norm_mix1","rfcont10","X2",0.326006529406027
"143","norm_mix1","micePMM","X",2.68627011890882
"144","norm_mix1","micePMM","X2",-1.66494396866942
"145","norm_mix1","missForest","X",6.15299216577422
"146","norm_mix1","missForest","X2",-0.997761362711416
"147","norm_mix1","rfcont10","X",1.81296692052147
"148","norm_mix1","rfcont10","X2",0.0987661484640687
"149","norm_mix1","micePMM","X",5.28285306521237
"150","norm_mix1","micePMM","X2",-1.0406189859614
"151","norm_mix1","missForest","X",-19.2011862859118
"152","norm_mix1","missForest","X2",-1.66379116469804
"153","norm_mix1","rfcont10","X",-0.0301861918104461
"154","norm_mix1","rfcont10","X2",0.467480570805593
"155","norm_mix1","micePMM","X",-5.64231755677384
"156","norm_mix1","micePMM","X2",-0.399401642483414
"157","norm_mix1","missForest","X",-0.0118643949730147
"158","norm_mix1","missForest","X2",0.633296514788607
"159","norm_mix1","rfcont10","X",0.120250412676871
"160","norm_mix1","rfcont10","X2",0.536578952475658
"161","norm_mix1","micePMM","X",2.54737531781629
"162","norm_mix1","micePMM","X2",-0.99879383603129
"163","norm_mix1","missForest","X",5.64779518072706
"164","norm_mix1","missForest","X2",-1.9689670447447
"165","norm_mix1","rfcont10","X",0.182972925159723
"166","norm_mix1","rfcont10","X2",0.582069851068471
"167","norm_mix1","micePMM","X",4.41162982532339
"168","norm_mix1","micePMM","X2",-1.8320126500868
"169","norm_mix1","missForest","X",-1.22553506963712
"170","norm_mix1","missForest","X2",0.392576380510394
"171","norm_mix1","rfcont10","X",9.64169714912239
"172","norm_mix1","rfcont10","X2",0.408364441052768
"173","norm_mix1","micePMM","X",-201.30392358331
"174","norm_mix1","micePMM","X2",-0.956458876750498
"175","norm_mix1","missForest","X",0.738103525161697
"176","norm_mix1","missForest","X2",0.290899700654323
"177","norm_mix1","rfcont10","X",0.305213145968014
"178","norm_mix1","rfcont10","X2",0.397544848487531
"179","norm_mix1","micePMM","X",3.08510071615013
"180","norm_mix1","micePMM","X2",-0.891074483764845
"181","norm_mix1","missForest","X",0.0199955852804578
"182","norm_mix1","missForest","X2",0.387891885368499
"183","norm_mix1","rfcont10","X",-1.05293363550118
"184","norm_mix1","rfcont10","X2",0.972865752605629
"185","norm_mix1","micePMM","X",2.37710674444323
"186","norm_mix1","micePMM","X2",-1.32374830758167
"187","norm_mix1","missForest","X",0.92848058692496
"188","norm_mix1","missForest","X2",-0.839153525740726
"189","norm_mix1","rfcont10","X",0.625978828897389
"190","norm_mix1","rfcont10","X2",-0.10374382575025
"191","norm_mix1","micePMM","X",1.41561560594938
"192","norm_mix1","micePMM","X2",-1.75276624201212
"193","norm_mix1","missForest","X",1.30788964894603
"194","norm_mix1","missForest","X2",0.00924755523747274
"195","norm_mix1","rfcont10","X",-1.1787986696243
"196","norm_mix1","rfcont10","X2",0.86813103382121
"197","norm_mix1","micePMM","X",3.17299203162908
"198","norm_mix1","micePMM","X2",-1.09973844070378
"199","norm_mix1","missForest","X",-1.07414227703207
"200","norm_mix1","missForest","X2",1.49755288470183
"201","norm_mix1","rfcont10","X",0.26115784523857
"202","norm_mix1","rfcont10","X2",0.6595945671728
"203","norm_mix1","micePMM","X",2.69335686722309
"204","norm_mix1","micePMM","X2",-1.6464732026112
"205","norm_mix1","missForest","X",0.298102467801348
"206","norm_mix1","missForest","X2",0.241292316303085
"207","norm_mix1","rfcont10","X",0.0559689563276107
"208","norm_mix1","rfcont10","X2",1.55114719994919
"209","norm_mix1","micePMM","X",1.14569971883451
"210","norm_mix1","micePMM","X2",-3.41757775973643
"211","norm_mix1","missForest","X",5.36187023408701
"212","norm_mix1","missForest","X2",-2.04179424639042
"213","norm_mix1","rfcont10","X",0.442462516385877
"214","norm_mix1","rfcont10","X2",0.558235776333818
"215","norm_mix1","micePMM","X",2.82654128605537
"216","norm_mix1","micePMM","X2",-1.20309654708026
"217","norm_mix1","missForest","X",-3.25281919886867
"218","norm_mix1","missForest","X2",0.728447777106622
"219","norm_mix1","rfcont10","X",-1.15798217935764
"220","norm_mix1","rfcont10","X2",0.622866104217611
"221","norm_mix1","micePMM","X",22.3747880959988
"222","norm_mix1","micePMM","X2",-1.43226031324487
"223","norm_mix1","missForest","X",16.9872175616823
"224","norm_mix1","missForest","X2",-0.921772130446315
"225","norm_mix1","rfcont10","X",4.98973634986918
"226","norm_mix1","rfcont10","X2",0.0432921758394558
"227","norm_mix1","micePMM","X",15.4035500097428
"228","norm_mix1","micePMM","X2",-1.09608211005101
"229","norm_mix1","missForest","X",4.25544414937338
"230","norm_mix1","missForest","X2",-1.76875467345231
"231","norm_mix1","rfcont10","X",0.640640154599639
"232","norm_mix1","rfcont10","X2",0.47733614699235
"233","norm_mix1","micePMM","X",3.56062748347513
"234","norm_mix1","micePMM","X2",-1.82824749915533
"235","norm_mix1","missForest","X",0.75210620016446
"236","norm_mix1","missForest","X2",-0.648302532536062
"237","norm_mix1","rfcont10","X",0.279481342386418
"238","norm_mix1","rfcont10","X2",0.965818566872667
"239","norm_mix1","micePMM","X",1.63311733862316
"240","norm_mix1","micePMM","X2",-4.0193396166803
"241","norm_mix1","missForest","X",6.89749284583518
"242","norm_mix1","missForest","X2",-1.3193884426188
"243","norm_mix1","rfcont10","X",1.48887699327207
"244","norm_mix1","rfcont10","X2",0.137649591105984
"245","norm_mix1","micePMM","X",0.233625291789207
"246","norm_mix1","micePMM","X2",-0.28205251369995
"247","norm_mix1","missForest","X",3.16147605809467
"248","norm_mix1","missForest","X2",-2.02014703116478
"249","norm_mix1","rfcont10","X",0.27366287894357
"250","norm_mix1","rfcont10","X2",0.403978070721139
"251","norm_mix1","micePMM","X",2.92178586012377
"252","norm_mix1","micePMM","X2",-1.95714786587498
"253","norm_mix1","missForest","X",7.95573759503758
"254","norm_mix1","missForest","X2",-1.73739859914103
"255","norm_mix1","rfcont10","X",4.4688215694719
"256","norm_mix1","rfcont10","X2",-0.551988354542941
"257","norm_mix1","micePMM","X",7.85036343029245
"258","norm_mix1","micePMM","X2",-1.9406106060252
"259","norm_mix1","missForest","X",1.7764621496423
"260","norm_mix1","missForest","X2",-0.529321579318428
"261","norm_mix1","rfcont10","X",0.154764846502594
"262","norm_mix1","rfcont10","X2",0.414600906560372
"263","norm_mix1","micePMM","X",2.74273562283399
"264","norm_mix1","micePMM","X2",-1.48070716244207
"265","norm_mix1","missForest","X",0.331924882588521
"266","norm_mix1","missForest","X2",0.397541180170935
"267","norm_mix1","rfcont10","X",-0.705992537339751
"268","norm_mix1","rfcont10","X2",0.232025478264563
"269","norm_mix1","micePMM","X",-4.7995456468794
"270","norm_mix1","micePMM","X2",-0.696367984772449
"271","norm_mix1","missForest","X",0.873054759676278
"272","norm_mix1","missForest","X2",0.354256867434393
"273","norm_mix1","rfcont10","X",-1.03736953463692
"274","norm_mix1","rfcont10","X2",0.714641161836676
"275","norm_mix1","micePMM","X",5.42756116033034
"276","norm_mix1","micePMM","X2",-0.876079147375507
"277","norm_mix1","missForest","X",-8.89644209018618
"278","norm_mix1","missForest","X2",1.53551580723187
"279","norm_mix1","rfcont10","X",0.430518349598757
"280","norm_mix1","rfcont10","X2",0.470701521740717
"281","norm_mix1","micePMM","X",8.70667429691242
"282","norm_mix1","micePMM","X2",-0.940111240580889
"283","norm_mix1","missForest","X",-9.9675547245052
"284","norm_mix1","missForest","X2",-1.17198453891193
"285","norm_mix1","rfcont10","X",0.0685560748675332
"286","norm_mix1","rfcont10","X2",0.377397576187958
"287","norm_mix1","micePMM","X",-2.19680206343409
"288","norm_mix1","micePMM","X2",-0.428538389804328
"289","norm_mix1","missForest","X",5.45843493957619
"290","norm_mix1","missForest","X2",-1.22591172034533
"291","norm_mix1","rfcont10","X",1.1519425155878
"292","norm_mix1","rfcont10","X2",0.207666170906349
"293","norm_mix1","micePMM","X",4.00797178130884
"294","norm_mix1","micePMM","X2",-1.22398240968728
"295","norm_mix1","missForest","X",1.97687583149613
"296","norm_mix1","missForest","X2",0.743124896002287
"297","norm_mix1","rfcont10","X",0.309415237973666
"298","norm_mix1","rfcont10","X2",0.350586334971729
"299","norm_mix1","micePMM","X",-1.75902125176875
"300","norm_mix1","micePMM","X2",-0.491227845909985
"301","norm_mix1","missForest","X",-3.24106340022595
"302","norm_mix1","missForest","X2",1.41000813152448
"303","norm_mix1","rfcont10","X",-1.33503274226176
"304","norm_mix1","rfcont10","X2",0.863138397704899
"305","norm_mix1","micePMM","X",2.68009295452188
"306","norm_mix1","micePMM","X2",-0.603950027579768
"307","norm_mix1","missForest","X",3.29029508210049
"308","norm_mix1","missForest","X2",-2.19252146640266
"309","norm_mix1","rfcont10","X",0.828214751221204
"310","norm_mix1","rfcont10","X2",-0.0525327470556341
"311","norm_mix1","micePMM","X",2.66933347464474
"312","norm_mix1","micePMM","X2",-2.03867607511452
"313","norm_mix1","missForest","X",-1.74231121168939
"314","norm_mix1","missForest","X2",1.41272830090118
"315","norm_mix1","rfcont10","X",0.495536997853095
"316","norm_mix1","rfcont10","X2",0.38142899869755
"317","norm_mix1","micePMM","X",3.44873357108367
"318","norm_mix1","micePMM","X2",-1.37737517615247
"319","norm_mix1","missForest","X",-0.624850258187701
"320","norm_mix1","missForest","X2",0.964149853067035
"321","norm_mix1","rfcont10","X",-0.0565393146255304
"322","norm_mix1","rfcont10","X2",0.598766803783129
"323","norm_mix1","micePMM","X",3.13005846733985
"324","norm_mix1","micePMM","X2",-1.74764948104727
"325","norm_mix1","missForest","X",1.21098530448425
"326","norm_mix1","missForest","X2",-0.459788272436529
"327","norm_mix1","rfcont10","X",-0.296229880802655
"328","norm_mix1","rfcont10","X2",0.841355161115914
"329","norm_mix1","micePMM","X",1.85250034952071
"330","norm_mix1","micePMM","X2",-1.55799286327659
"331","norm_mix1","missForest","X",-19.8622439196357
"332","norm_mix1","missForest","X2",1.40192012633316
"333","norm_mix1","rfcont10","X",-6.5903225799943
"334","norm_mix1","rfcont10","X2",0.861548984901102
"335","norm_mix1","micePMM","X",35.3270769713969
"336","norm_mix1","micePMM","X2",-1.30171608645035
"337","norm_mix1","missForest","X",-4.41364092662822
"338","norm_mix1","missForest","X2",0.848188909123762
"339","norm_mix1","rfcont10","X",1.74586165257668
"340","norm_mix1","rfcont10","X2",0.380911331738017
"341","norm_mix1","micePMM","X",13.5724748300701
"342","norm_mix1","micePMM","X2",-0.75425572362298
"343","norm_mix1","missForest","X",14.2298044450234
"344","norm_mix1","missForest","X2",-0.640856994850822
"345","norm_mix1","rfcont10","X",2.18754202174435
"346","norm_mix1","rfcont10","X2",0.219366958046016
"347","norm_mix1","micePMM","X",11.8270607813923
"348","norm_mix1","micePMM","X2",-0.837872708059821
"349","norm_mix1","missForest","X",6.21092238169376
"350","norm_mix1","missForest","X2",-1.49955295850538
"351","norm_mix1","rfcont10","X",-1.04965873939421
"352","norm_mix1","rfcont10","X2",0.919092177053379
"353","norm_mix1","micePMM","X",3.00792458780775
"354","norm_mix1","micePMM","X2",-1.06420888367013
"355","norm_mix1","missForest","X",4.62536298989601
"356","norm_mix1","missForest","X2",-0.44651357838821
"357","norm_mix1","rfcont10","X",1.09036579682787
"358","norm_mix1","rfcont10","X2",0.321432854876406
"359","norm_mix1","micePMM","X",5.85544488809684
"360","norm_mix1","micePMM","X2",-0.962248539872884
"361","norm_mix1","missForest","X",-5.97280196491404
"362","norm_mix1","missForest","X2",1.22817681646841
"363","norm_mix1","rfcont10","X",2.19581535116519
"364","norm_mix1","rfcont10","X2",0.0930390592796532
"365","norm_mix1","micePMM","X",5.04522397010933
"366","norm_mix1","micePMM","X2",-0.816354726025994
"367","norm_mix1","missForest","X",-0.745181551667583
"368","norm_mix1","missForest","X2",1.05729296782046
"369","norm_mix1","rfcont10","X",0.124954455816483
"370","norm_mix1","rfcont10","X2",0.474730440940174
"371","norm_mix1","micePMM","X",2.346836065694
"372","norm_mix1","micePMM","X2",-1.50843460896624
"373","norm_mix1","missForest","X",2.0229254987099
"374","norm_mix1","missForest","X2",-1.37765016650284
"375","norm_mix1","rfcont10","X",0.216372616463964
"376","norm_mix1","rfcont10","X2",0.679626362345291
"377","norm_mix1","micePMM","X",1.58019820466176
"378","norm_mix1","micePMM","X2",-1.71013732152696
"379","norm_mix1","missForest","X",-15.8112933620501
"380","norm_mix1","missForest","X2",1.25333342221461
"381","norm_mix1","rfcont10","X",-0.365579447256847
"382","norm_mix1","rfcont10","X2",0.458802015198637
"383","norm_mix1","micePMM","X",0.919346470495172
"384","norm_mix1","micePMM","X2",-0.215186017446117
"385","norm_mix1","missForest","X",5.31898911665959
"386","norm_mix1","missForest","X2",-0.28514063055613
"387","norm_mix1","rfcont10","X",-0.306186008344789
"388","norm_mix1","rfcont10","X2",0.564794210488372
"389","norm_mix1","micePMM","X",5.75079923893685
"390","norm_mix1","micePMM","X2",-0.569319675357025
"391","norm_mix1","missForest","X",-3.96685221277298
"392","norm_mix1","missForest","X2",1.00670820791174
"393","norm_mix1","rfcont10","X",-0.502965236242147
"394","norm_mix1","rfcont10","X2",0.504522656319996
"395","norm_mix1","micePMM","X",5.09813313856528
"396","norm_mix1","micePMM","X2",-0.889417644902889
"397","norm_mix1","missForest","X",0.336959303651736
"398","norm_mix1","missForest","X2",0.472599028047075
"399","norm_mix1","rfcont10","X",0.876600214905252
"400","norm_mix1","rfcont10","X2",0.151196708563491
"401","norm_mix1","micePMM","X",3.05269443444604
"402","norm_mix1","micePMM","X2",-1.99764942955042
"403","norm_mix1","missForest","X",10.2327515178531
"404","norm_mix1","missForest","X2",-1.26700683144424
"405","norm_mix1","rfcont10","X",-2.09145293520645
"406","norm_mix1","rfcont10","X2",0.778375400968094
"407","norm_mix1","micePMM","X",3.84079879827565
"408","norm_mix1","micePMM","X2",-0.663143673876089
"409","norm_mix1","missForest","X",5.91331654391892
"410","norm_mix1","missForest","X2",-2.22143165875539
"411","norm_mix1","rfcont10","X",0.587684554573789
"412","norm_mix1","rfcont10","X2",0.320508277255669
"413","norm_mix1","micePMM","X",3.00954943892751
"414","norm_mix1","micePMM","X2",-1.38011196492169
"415","norm_mix1","missForest","X",-2.95916399623709
"416","norm_mix1","missForest","X2",1.16287297712864
"417","norm_mix1","rfcont10","X",3.3722516699931
"418","norm_mix1","rfcont10","X2",-0.0843927032792172
"419","norm_mix1","micePMM","X",9.00177867741405
"420","norm_mix1","micePMM","X2",-1.66032459837962
"421","norm_mix1","missForest","X",34.8149068192194
"422","norm_mix1","missForest","X2",0.767118914428478
"423","norm_mix1","rfcont10","X",2.51473639657252
"424","norm_mix1","rfcont10","X2",0.411303474329108
"425","norm_mix1","micePMM","X",-82.5769470634578
"426","norm_mix1","micePMM","X2",-0.717054540263707
"427","norm_mix1","missForest","X",-0.0770894464063167
"428","norm_mix1","missForest","X2",0.709143818909098
"429","norm_mix1","rfcont10","X",0.327236738929205
"430","norm_mix1","rfcont10","X2",0.541277723000934
"431","norm_mix1","micePMM","X",4.48047616810309
"432","norm_mix1","micePMM","X2",-1.36026381147287
"433","norm_mix1","missForest","X",13.5004245702043
"434","norm_mix1","missForest","X2",-1.10205936712767
"435","norm_mix1","rfcont10","X",1.65037054176832
"436","norm_mix1","rfcont10","X2",0.211631054875085
"437","norm_mix1","micePMM","X",14.0875347001756
"438","norm_mix1","micePMM","X2",-1.38359048960888
"439","norm_mix1","missForest","X",-33.9506221712782
"440","norm_mix1","missForest","X2",-1.38769950753022
"441","norm_mix1","rfcont10","X",0.120451775016082
"442","norm_mix1","rfcont10","X2",0.45269646556998
"443","norm_mix1","micePMM","X",-16.9742772443627
"444","norm_mix1","micePMM","X2",-0.889505864211746
"445","norm_mix1","missForest","X",5.5515992170133
"446","norm_mix1","missForest","X2",-2.40776126267079
"447","norm_mix1","rfcont10","X",1.57336303165282
"448","norm_mix1","rfcont10","X2",-0.20189384161689
"449","norm_mix1","micePMM","X",4.47056325359483
"450","norm_mix1","micePMM","X2",-2.1501848910466
"451","norm_mix1","missForest","X",-3.15264588720929
"452","norm_mix1","missForest","X2",2.70764612093774
"453","norm_mix1","rfcont10","X",-0.311080235126591
"454","norm_mix1","rfcont10","X2",0.852892264621853
"455","norm_mix1","micePMM","X",1.07354750003896
"456","norm_mix1","micePMM","X2",-0.70341737316023
"457","norm_mix1","missForest","X",-149.655564996483
"458","norm_mix1","missForest","X2",-0.697690102839128
"459","norm_mix1","rfcont10","X",-31.821832055525
"460","norm_mix1","rfcont10","X2",0.117360655985827
"461","norm_mix1","micePMM","X",-121.261678296519
"462","norm_mix1","micePMM","X2",-0.883794038938884
"463","norm_mix1","missForest","X",2.85283233704653
"464","norm_mix1","missForest","X2",-0.602838452406298
"465","norm_mix1","rfcont10","X",1.92060206700301
"466","norm_mix1","rfcont10","X2",-0.0747144501839943
"467","norm_mix1","micePMM","X",4.3602113180977
"468","norm_mix1","micePMM","X2",-1.48408345275774
"469","norm_mix1","missForest","X",3.12458962829729
"470","norm_mix1","missForest","X2",-1.84729116357132
"471","norm_mix1","rfcont10","X",0.512653788684969
"472","norm_mix1","rfcont10","X2",0.369054225375853
"473","norm_mix1","micePMM","X",3.41297640478651
"474","norm_mix1","micePMM","X2",-2.50691078869666
"475","norm_mix1","missForest","X",3.08046600878603
"476","norm_mix1","missForest","X2",0.985519180634622
"477","norm_mix1","rfcont10","X",-0.101337526486518
"478","norm_mix1","rfcont10","X2",0.310176016726515
"479","norm_mix1","micePMM","X",-1.27510890838219
"480","norm_mix1","micePMM","X2",-0.433578756977246
"481","norm_mix1","missForest","X",-1.39173273356654
"482","norm_mix1","missForest","X2",0.99489700998903
"483","norm_mix1","rfcont10","X",1.26917492388763
"484","norm_mix1","rfcont10","X2",0.239761418323695
"485","norm_mix1","micePMM","X",4.50656772467569
"486","norm_mix1","micePMM","X2",-1.03323561592554
"487","norm_mix1","missForest","X",11.6155459334918
"488","norm_mix1","missForest","X2",0.867691768529675
"489","norm_mix1","rfcont10","X",0.124362228928809
"490","norm_mix1","rfcont10","X2",0.399004633114547
"491","norm_mix1","micePMM","X",-14.1181399657775
"492","norm_mix1","micePMM","X2",-0.658551934849017
"493","norm_mix1","missForest","X",-55.1418736561074
"494","norm_mix1","missForest","X2",-1.45283054317694
"495","norm_mix1","rfcont10","X",-3.50094646125642
"496","norm_mix1","rfcont10","X2",0.237839207881051
"497","norm_mix1","micePMM","X",-13.9566457301308
"498","norm_mix1","micePMM","X2",-0.531311012152103
"499","norm_mix1","missForest","X",3.88439302198731
"500","norm_mix1","missForest","X2",-0.807665465057984
"501","norm_mix1","rfcont10","X",-0.153369451553564
"502","norm_mix1","rfcont10","X2",0.543463786311709
"503","norm_mix1","micePMM","X",3.30040185179285
"504","norm_mix1","micePMM","X2",-1.00640562654736
"505","norm_mix1","missForest","X",-151.037179821158
"506","norm_mix1","missForest","X2",1.46390534079842
"507","norm_mix1","rfcont10","X",21.265869037888
"508","norm_mix1","rfcont10","X2",0.26955996927092
"509","norm_mix1","micePMM","X",147.617318237594
"510","norm_mix1","micePMM","X2",-0.982105949950645
"511","norm_mix1","missForest","X",2.77920120797851
"512","norm_mix1","missForest","X2",-0.996333856095377
"513","norm_mix1","rfcont10","X",-0.0205512772101834
"514","norm_mix1","rfcont10","X2",0.653630092106329
"515","norm_mix1","micePMM","X",2.50658906832752
"516","norm_mix1","micePMM","X2",-1.17489015349641
"517","norm_mix1","missForest","X",0.230404568209579
"518","norm_mix1","missForest","X2",0.526088386885299
"519","norm_mix1","rfcont10","X",0.810264452640799
"520","norm_mix1","rfcont10","X2",0.152436998014127
"521","norm_mix1","micePMM","X",3.88145964015223
"522","norm_mix1","micePMM","X2",-2.06685332249099
"523","norm_mix1","missForest","X",1.98400425131234
"524","norm_mix1","missForest","X2",0.18639370365602
"525","norm_mix1","rfcont10","X",1.24125518115016
"526","norm_mix1","rfcont10","X2",0.251343970951387
"527","norm_mix1","micePMM","X",8.38492190343398
"528","norm_mix1","micePMM","X2",-1.04361616284018
"529","norm_mix1","missForest","X",-0.878277384760008
"530","norm_mix1","missForest","X2",0.315149727983571
"531","norm_mix1","rfcont10","X",-0.566663810993781
"532","norm_mix1","rfcont10","X2",0.358636941067644
"533","norm_mix1","micePMM","X",-12.4250129611074
"534","norm_mix1","micePMM","X2",-0.957594756634954
"535","norm_mix1","missForest","X",1.54407574638512
"536","norm_mix1","missForest","X2",-0.615365938536331
"537","norm_mix1","rfcont10","X",1.47677093471157
"538","norm_mix1","rfcont10","X2",-0.471361312807005
"539","norm_mix1","micePMM","X",3.24563166954615
"540","norm_mix1","micePMM","X2",-2.59151079423788
"541","norm_mix1","missForest","X",-0.304548584526421
"542","norm_mix1","missForest","X2",1.39305840354763
"543","norm_mix1","rfcont10","X",0.279664126101215
"544","norm_mix1","rfcont10","X2",0.562585455702862
"545","norm_mix1","micePMM","X",1.50320250424978
"546","norm_mix1","micePMM","X2",-1.87498628060902
"547","norm_mix1","missForest","X",0.375118016500556
"548","norm_mix1","missForest","X2",0.620727480476014
"549","norm_mix1","rfcont10","X",0.362721061435198
"550","norm_mix1","rfcont10","X2",0.58255673497087
"551","norm_mix1","micePMM","X",2.71012459778093
"552","norm_mix1","micePMM","X2",-1.99418634765973
"553","norm_mix1","missForest","X",0.795089423406387
"554","norm_mix1","missForest","X2",0.566555099348221
"555","norm_mix1","rfcont10","X",7.78996019665284
"556","norm_mix1","rfcont10","X2",0.108129609109776
"557","norm_mix1","micePMM","X",12.1139220070964
"558","norm_mix1","micePMM","X2",-0.70509711807185
"559","norm_mix1","missForest","X",9.05153393071699
"560","norm_mix1","missForest","X2",-1.14243330661773
"561","norm_mix1","rfcont10","X",3.72245404403525
"562","norm_mix1","rfcont10","X2",-0.0620017333163473
"563","norm_mix1","micePMM","X",9.19526392702599
"564","norm_mix1","micePMM","X2",-1.32928956990257
"565","norm_mix1","missForest","X",-1.82614513845071
"566","norm_mix1","missForest","X2",3.15528331058964
"567","norm_mix1","rfcont10","X",0.378696937661293
"568","norm_mix1","rfcont10","X2",0.34862576622609
"569","norm_mix1","micePMM","X",1.32225707586252
"570","norm_mix1","micePMM","X2",-1.76776948596562
"571","norm_mix1","missForest","X",-10.5619516660391
"572","norm_mix1","missForest","X2",-0.648278726377549
"573","norm_mix1","rfcont10","X",-2.92198166037132
"574","norm_mix1","rfcont10","X2",0.206777450427766
"575","norm_mix1","micePMM","X",-14.4308139111612
"576","norm_mix1","micePMM","X2",-1.03240055675237
"577","norm_mix1","missForest","X",26.5151948165851
"578","norm_mix1","missForest","X2",-0.207966461377171
"579","norm_mix1","rfcont10","X",6.97298383214498
"580","norm_mix1","rfcont10","X2",0.28883649451194
"581","norm_mix1","micePMM","X",44.8739617868482
"582","norm_mix1","micePMM","X2",-0.97600039494224
"583","norm_mix1","missForest","X",1.88725517503374
"584","norm_mix1","missForest","X2",-2.54077304674998
"585","norm_mix1","rfcont10","X",0.922349012743742
"586","norm_mix1","rfcont10","X2",-0.793456690031537
"587","norm_mix1","micePMM","X",1.373971164077
"588","norm_mix1","micePMM","X2",-2.641274490813
"589","norm_mix1","missForest","X",-0.839771960714238
"590","norm_mix1","missForest","X2",0.262018910383377
"591","norm_mix1","rfcont10","X",0.606759999348725
"592","norm_mix1","rfcont10","X2",0.408598959876299
"593","norm_mix1","micePMM","X",-4.66041208436257
"594","norm_mix1","micePMM","X2",-0.681671000969806
"595","norm_mix1","missForest","X",1.68748480409262
"596","norm_mix1","missForest","X2",-0.308291473633717
"597","norm_mix1","rfcont10","X",0.85280851162446
"598","norm_mix1","rfcont10","X2",0.141508587549564
"599","norm_mix1","micePMM","X",3.32505394020864
"600","norm_mix1","micePMM","X2",-1.76965347891669
"601","norm_mix2","missForest","X",15.8175217039452
"602","norm_mix2","missForest","X2",-1.02579215490405
"603","norm_mix2","rfcont10","X",-0.917662222812469
"604","norm_mix2","rfcont10","X2",0.638370409350297
"605","norm_mix2","micePMM","X",12.1317699469626
"606","norm_mix2","micePMM","X2",-0.760852717714653
"607","norm_mix2","missForest","X",-1.78257224667245
"608","norm_mix2","missForest","X2",2.93288119109136
"609","norm_mix2","rfcont10","X",0.733537708836513
"610","norm_mix2","rfcont10","X2",0.312624023501729
"611","norm_mix2","micePMM","X",3.8348754480734
"612","norm_mix2","micePMM","X2",-2.99209351826274
"613","norm_mix2","missForest","X",1.4942260218649
"614","norm_mix2","missForest","X2",-0.0189723276606228
"615","norm_mix2","rfcont10","X",-0.732723843311288
"616","norm_mix2","rfcont10","X2",1.00962117160107
"617","norm_mix2","micePMM","X",4.11643119855202
"618","norm_mix2","micePMM","X2",-1.78308852830129
"619","norm_mix2","missForest","X",13.9271559877094
"620","norm_mix2","missForest","X2",-2.3236032717954
"621","norm_mix2","rfcont10","X",-1.1254073987117
"622","norm_mix2","rfcont10","X2",0.823731054465145
"623","norm_mix2","micePMM","X",7.38556920256008
"624","norm_mix2","micePMM","X2",-1.13683433685675
"625","norm_mix2","missForest","X",2.7846907504157
"626","norm_mix2","missForest","X2",-1.87653205348872
"627","norm_mix2","rfcont10","X",-0.0670855728884815
"628","norm_mix2","rfcont10","X2",0.952301883199933
"629","norm_mix2","micePMM","X",1.98021408013013
"630","norm_mix2","micePMM","X2",-1.47221671871716
"631","norm_mix2","missForest","X",5.63030114397172
"632","norm_mix2","missForest","X2",-1.45266637449754
"633","norm_mix2","rfcont10","X",-1.18338843593085
"634","norm_mix2","rfcont10","X2",1.08163124025228
"635","norm_mix2","micePMM","X",4.11182738663185
"636","norm_mix2","micePMM","X2",-1.38712719083796
"637","norm_mix2","missForest","X",3.68676328985914
"638","norm_mix2","missForest","X2",-0.430924758678378
"639","norm_mix2","rfcont10","X",0.486000105942443
"640","norm_mix2","rfcont10","X2",0.378738429795741
"641","norm_mix2","micePMM","X",5.55706164699917
"642","norm_mix2","micePMM","X2",-1.23537824177717
"643","norm_mix2","missForest","X",-1.24866792883082
"644","norm_mix2","missForest","X2",1.22345016361974
"645","norm_mix2","rfcont10","X",0.134863294161395
"646","norm_mix2","rfcont10","X2",0.67182490244597
"647","norm_mix2","micePMM","X",3.21482207701682
"648","norm_mix2","micePMM","X2",-1.18405302482144
"649","norm_mix2","missForest","X",-0.002708752510343
"650","norm_mix2","missForest","X2",0.863141276857233
"651","norm_mix2","rfcont10","X",0.490396631044582
"652","norm_mix2","rfcont10","X2",0.258415440729932
"653","norm_mix2","micePMM","X",1.96828575981118
"654","norm_mix2","micePMM","X2",-2.00342393948721
"655","norm_mix2","missForest","X",-2.2674265275483
"656","norm_mix2","missForest","X2",2.29157469417995
"657","norm_mix2","rfcont10","X",-0.293440747572286
"658","norm_mix2","rfcont10","X2",0.91965825635569
"659","norm_mix2","micePMM","X",2.9575911258586
"660","norm_mix2","micePMM","X2",-1.18598448850679
"661","norm_mix2","missForest","X",4.32878170906375
"662","norm_mix2","missForest","X2",0.118546934146348
"663","norm_mix2","rfcont10","X",-1.13316373018874
"664","norm_mix2","rfcont10","X2",0.806689471335275
"665","norm_mix2","micePMM","X",6.91401155706543
"666","norm_mix2","micePMM","X2",-0.824755086649302
"667","norm_mix2","missForest","X",10.1726981921796
"668","norm_mix2","missForest","X2",-0.108433773274666
"669","norm_mix2","rfcont10","X",0.823354450123138
"670","norm_mix2","rfcont10","X2",0.468972258265859
"671","norm_mix2","micePMM","X",25.0613461970183
"672","norm_mix2","micePMM","X2",-1.41004167735275
"673","norm_mix2","missForest","X",-3.38520077948385
"674","norm_mix2","missForest","X2",1.11534913640046
"675","norm_mix2","rfcont10","X",-1.22637333703543
"676","norm_mix2","rfcont10","X2",0.634162623134793
"677","norm_mix2","micePMM","X",11.93767715294
"678","norm_mix2","micePMM","X2",-1.20038183036821
"679","norm_mix2","missForest","X",4.70683294597277
"680","norm_mix2","missForest","X2",-1.78269318760237
"681","norm_mix2","rfcont10","X",-0.337630588353426
"682","norm_mix2","rfcont10","X2",0.807900960756635
"683","norm_mix2","micePMM","X",3.43091433213247
"684","norm_mix2","micePMM","X2",-1.39705052393408
"685","norm_mix2","missForest","X",-1.51603703750375
"686","norm_mix2","missForest","X2",3.15616621874574
"687","norm_mix2","rfcont10","X",-0.287802060821982
"688","norm_mix2","rfcont10","X2",1.30811158441056
"689","norm_mix2","micePMM","X",2.00533497593308
"690","norm_mix2","micePMM","X2",-1.60777478464085
"691","norm_mix2","missForest","X",-1.23937955883471
"692","norm_mix2","missForest","X2",1.15805901027706
"693","norm_mix2","rfcont10","X",0.152823502369503
"694","norm_mix2","rfcont10","X2",0.615059571168492
"695","norm_mix2","micePMM","X",7.73676591908458
"696","norm_mix2","micePMM","X2",-1.11804398062664
"697","norm_mix2","missForest","X",6.65738704452988
"698","norm_mix2","missForest","X2",0.677846878460995
"699","norm_mix2","rfcont10","X",-2.39051318524687
"700","norm_mix2","rfcont10","X2",0.322564468273743
"701","norm_mix2","micePMM","X",-45.0455534251856
"702","norm_mix2","micePMM","X2",-1.2028805158994
"703","norm_mix2","missForest","X",1.87934358677464
"704","norm_mix2","missForest","X2",-0.0124282946349418
"705","norm_mix2","rfcont10","X",0.105768959636503
"706","norm_mix2","rfcont10","X2",0.528406320992251
"707","norm_mix2","micePMM","X",4.35411196606529
"708","norm_mix2","micePMM","X2",-1.26024316574879
"709","norm_mix2","missForest","X",4.78335327546616
"710","norm_mix2","missForest","X2",-0.122516187860528
"711","norm_mix2","rfcont10","X",-0.971527979550626
"712","norm_mix2","rfcont10","X2",0.694893919421159
"713","norm_mix2","micePMM","X",7.53129519423786
"714","norm_mix2","micePMM","X2",-0.771725059164567
"715","norm_mix2","missForest","X",25.7910976936158
"716","norm_mix2","missForest","X2",-0.455218203137854
"717","norm_mix2","rfcont10","X",-0.312236950556815
"718","norm_mix2","rfcont10","X2",0.451392102475438
"719","norm_mix2","micePMM","X",31.0104880869084
"720","norm_mix2","micePMM","X2",-1.03509303623553
"721","norm_mix2","missForest","X",2.72806521237916
"722","norm_mix2","missForest","X2",-0.339172309181497
"723","norm_mix2","rfcont10","X",-0.647704260638172
"724","norm_mix2","rfcont10","X2",0.71829341522015
"725","norm_mix2","micePMM","X",4.84737018657613
"726","norm_mix2","micePMM","X2",-1.45531250948175
"727","norm_mix2","missForest","X",4.72429402517909
"728","norm_mix2","missForest","X2",-0.076628123524109
"729","norm_mix2","rfcont10","X",-0.272234639915629
"730","norm_mix2","rfcont10","X2",0.559067041005439
"731","norm_mix2","micePMM","X",10.1548145508057
"732","norm_mix2","micePMM","X2",-1.20613693609273
"733","norm_mix2","missForest","X",6.0834836374373
"734","norm_mix2","missForest","X2",-1.94696297129439
"735","norm_mix2","rfcont10","X",-0.772751469503524
"736","norm_mix2","rfcont10","X2",0.820775808467929
"737","norm_mix2","micePMM","X",2.89961979830841
"738","norm_mix2","micePMM","X2",-1.0917122897252
"739","norm_mix2","missForest","X",36.6980584742063
"740","norm_mix2","missForest","X2",2.54892263758032
"741","norm_mix2","rfcont10","X",6.51691267854537
"742","norm_mix2","rfcont10","X2",0.823175961050774
"743","norm_mix2","micePMM","X",-24.1288144300606
"744","norm_mix2","micePMM","X2",-0.936919570639568
"745","norm_mix2","missForest","X",-3.28905219890611
"746","norm_mix2","missForest","X2",1.46184945577609
"747","norm_mix2","rfcont10","X",-0.758055175018939
"748","norm_mix2","rfcont10","X2",0.756967489797874
"749","norm_mix2","micePMM","X",6.91976586266583
"750","norm_mix2","micePMM","X2",-1.23163919945044
"751","norm_mix2","missForest","X",21.1762746194765
"752","norm_mix2","missForest","X2",-0.783614034975503
"753","norm_mix2","rfcont10","X",-4.07680461805935
"754","norm_mix2","rfcont10","X2",0.681670528365398
"755","norm_mix2","micePMM","X",15.6975866652289
"756","norm_mix2","micePMM","X2",-0.610972786914438
"757","norm_mix2","missForest","X",4.55077099385261
"758","norm_mix2","missForest","X2",-0.27351278434996
"759","norm_mix2","rfcont10","X",1.14850466665105
"760","norm_mix2","rfcont10","X2",0.353043510195295
"761","norm_mix2","micePMM","X",7.98843698323475
"762","norm_mix2","micePMM","X2",-1.30694436365225
"763","norm_mix2","missForest","X",1.62312455589164
"764","norm_mix2","missForest","X2",-0.0120898087190649
"765","norm_mix2","rfcont10","X",-1.00295365080787
"766","norm_mix2","rfcont10","X2",1.11405526364135
"767","norm_mix2","micePMM","X",2.07534041559869
"768","norm_mix2","micePMM","X2",-0.481908556919211
"769","norm_mix2","missForest","X",-25.1649340931863
"770","norm_mix2","missForest","X2",1.89118678796999
"771","norm_mix2","rfcont10","X",4.98036236125651
"772","norm_mix2","rfcont10","X2",0.361905232001337
"773","norm_mix2","micePMM","X",27.9633670573619
"774","norm_mix2","micePMM","X2",-1.00029429048578
"775","norm_mix2","missForest","X",0.493660217269714
"776","norm_mix2","missForest","X2",0.531883238704933
"777","norm_mix2","rfcont10","X",-0.573164196910836
"778","norm_mix2","rfcont10","X2",1.69993485018257
"779","norm_mix2","micePMM","X",1.78942790086824
"780","norm_mix2","micePMM","X2",-1.58904959928628
"781","norm_mix2","missForest","X",3.61320055416136
"782","norm_mix2","missForest","X2",-0.536835979675635
"783","norm_mix2","rfcont10","X",-0.669217237885484
"784","norm_mix2","rfcont10","X2",0.818311594804017
"785","norm_mix2","micePMM","X",5.42115570165848
"786","norm_mix2","micePMM","X2",-1.47132045379636
"787","norm_mix2","missForest","X",-3.07095320049619
"788","norm_mix2","missForest","X2",1.66719890339789
"789","norm_mix2","rfcont10","X",-1.26628508122839
"790","norm_mix2","rfcont10","X2",0.908471039209898
"791","norm_mix2","micePMM","X",3.4915705201119
"792","norm_mix2","micePMM","X2",-0.390578660526108
"793","norm_mix2","missForest","X",-0.74513898910225
"794","norm_mix2","missForest","X2",0.708513990643477
"795","norm_mix2","rfcont10","X",-3.93636309149806
"796","norm_mix2","rfcont10","X2",0.991552876668787
"797","norm_mix2","micePMM","X",9.13984846603656
"798","norm_mix2","micePMM","X2",-0.964159306468517
"799","norm_mix2","missForest","X",4.65011089272378
"800","norm_mix2","missForest","X2",-0.281616133178272
"801","norm_mix2","rfcont10","X",1.43945385988556
"802","norm_mix2","rfcont10","X2",0.298596813234613
"803","norm_mix2","micePMM","X",8.37227281313607
"804","norm_mix2","micePMM","X2",-1.23019993575862
"805","norm_mix2","missForest","X",-1.1495319626019
"806","norm_mix2","missForest","X2",2.65244705350341
"807","norm_mix2","rfcont10","X",0.159562501665461
"808","norm_mix2","rfcont10","X2",0.761750667868528
"809","norm_mix2","micePMM","X",1.71262238944532
"810","norm_mix2","micePMM","X2",-2.00666930927969
"811","norm_mix2","missForest","X",2.12369374105395
"812","norm_mix2","missForest","X2",0.443264573001928
"813","norm_mix2","rfcont10","X",1.41247095430267
"814","norm_mix2","rfcont10","X2",0.535919978564295
"815","norm_mix2","micePMM","X",25.909124911638
"816","norm_mix2","micePMM","X2",-1.29419600521225
"817","norm_mix2","missForest","X",-3.65188591703737
"818","norm_mix2","missForest","X2",2.60650227897692
"819","norm_mix2","rfcont10","X",-0.121352720917363
"820","norm_mix2","rfcont10","X2",0.624477891024366
"821","norm_mix2","micePMM","X",3.5422403427596
"822","norm_mix2","micePMM","X2",-1.351258769778
"823","norm_mix2","missForest","X",-2.19516461000129
"824","norm_mix2","missForest","X2",3.98881868826134
"825","norm_mix2","rfcont10","X",0.0349410173476094
"826","norm_mix2","rfcont10","X2",1.0107173864245
"827","norm_mix2","micePMM","X",1.99651917777624
"828","norm_mix2","micePMM","X2",-1.71374631311073
"829","norm_mix2","missForest","X",1.05676140183588
"830","norm_mix2","missForest","X2",0.130751366586823
"831","norm_mix2","rfcont10","X",-0.594570551686744
"832","norm_mix2","rfcont10","X2",1.10904837237492
"833","norm_mix2","micePMM","X",2.94856733142753
"834","norm_mix2","micePMM","X2",-1.58340216726926
"835","norm_mix2","missForest","X",2.80805414484033
"836","norm_mix2","missForest","X2",-2.10199709118606
"837","norm_mix2","rfcont10","X",0.261508960408111
"838","norm_mix2","rfcont10","X2",0.680541811094335
"839","norm_mix2","micePMM","X",2.17004088710733
"840","norm_mix2","micePMM","X2",-1.86297358128918
"841","norm_mix2","missForest","X",3.41495969656114
"842","norm_mix2","missForest","X2",-1.05174926669483
"843","norm_mix2","rfcont10","X",-0.455854140769129
"844","norm_mix2","rfcont10","X2",0.716892439163916
"845","norm_mix2","micePMM","X",3.79363627620523
"846","norm_mix2","micePMM","X2",-1.35446179887794
"847","norm_mix2","missForest","X",-6.32315513039556
"848","norm_mix2","missForest","X2",1.83432907673596
"849","norm_mix2","rfcont10","X",-1.54036182955688
"850","norm_mix2","rfcont10","X2",0.847352437938702
"851","norm_mix2","micePMM","X",13.7124282647697
"852","norm_mix2","micePMM","X2",-1.34546019185233
"853","norm_mix2","missForest","X",-9.94219372680171
"854","norm_mix2","missForest","X2",-1.32664056530051
"855","norm_mix2","rfcont10","X",1.58884204574757
"856","norm_mix2","rfcont10","X2",0.763763442459108
"857","norm_mix2","micePMM","X",-7.02257350813723
"858","norm_mix2","micePMM","X2",-0.861796355677161
"859","norm_mix2","missForest","X",-0.602475259584508
"860","norm_mix2","missForest","X2",1.23318733652124
"861","norm_mix2","rfcont10","X",-0.634412204843844
"862","norm_mix2","rfcont10","X2",0.95662810008732
"863","norm_mix2","micePMM","X",3.28435453457239
"864","norm_mix2","micePMM","X2",-1.19493615250746
"865","norm_mix2","missForest","X",-0.410322159790196
"866","norm_mix2","missForest","X2",1.0560782390686
"867","norm_mix2","rfcont10","X",-0.907166815160968
"868","norm_mix2","rfcont10","X2",1.14424271234662
"869","norm_mix2","micePMM","X",2.60297384456006
"870","norm_mix2","micePMM","X2",-1.40556039405548
"871","norm_mix2","missForest","X",0.334384690798037
"872","norm_mix2","missForest","X2",0.427842582588178
"873","norm_mix2","rfcont10","X",-0.3610329627599
"874","norm_mix2","rfcont10","X2",1.21237063558827
"875","norm_mix2","micePMM","X",2.81713275543553
"876","norm_mix2","micePMM","X2",-1.9465580697319
"877","norm_mix2","missForest","X",-6.35013827331684
"878","norm_mix2","missForest","X2",-0.433823247376499
"879","norm_mix2","rfcont10","X",-1.30809644885972
"880","norm_mix2","rfcont10","X2",0.277284315362324
"881","norm_mix2","micePMM","X",-5.28857767326001
"882","norm_mix2","micePMM","X2",-0.584590739902478
"883","norm_mix2","missForest","X",3.73338719378351
"884","norm_mix2","missForest","X2",-0.835948270705047
"885","norm_mix2","rfcont10","X",-0.236701261521678
"886","norm_mix2","rfcont10","X2",0.68162696479626
"887","norm_mix2","micePMM","X",3.45961562673726
"888","norm_mix2","micePMM","X2",-1.03031238437437
"889","norm_mix2","missForest","X",9.13161422732929
"890","norm_mix2","missForest","X2",-0.78740087198496
"891","norm_mix2","rfcont10","X",-2.95870825046124
"892","norm_mix2","rfcont10","X2",1.03704763477084
"893","norm_mix2","micePMM","X",7.94714728223537
"894","norm_mix2","micePMM","X2",-0.927979351920244
"895","norm_mix2","missForest","X",-1.01146308072703
"896","norm_mix2","missForest","X2",1.92645737003477
"897","norm_mix2","rfcont10","X",-0.331013859488357
"898","norm_mix2","rfcont10","X2",0.993718378312524
"899","norm_mix2","micePMM","X",1.49690446597295
"900","norm_mix2","micePMM","X2",-0.432205245497797
"901","norm_mix2","missForest","X",5.49034796854143
"902","norm_mix2","missForest","X2",-0.481664501090381
"903","norm_mix2","rfcont10","X",2.3322081911991
"904","norm_mix2","rfcont10","X2",0.105833691485368
"905","norm_mix2","micePMM","X",6.32006925743254
"906","norm_mix2","micePMM","X2",-1.02567632442024
"907","norm_mix2","missForest","X",2.90928591849571
"908","norm_mix2","missForest","X2",-1.25727705872646
"909","norm_mix2","rfcont10","X",-0.228406707420389
"910","norm_mix2","rfcont10","X2",0.904797969573521
"911","norm_mix2","micePMM","X",2.41530136968356
"912","norm_mix2","micePMM","X2",-1.13521231484081
"913","norm_mix2","missForest","X",-2.59569570351336
"914","norm_mix2","missForest","X2",2.70869518939123
"915","norm_mix2","rfcont10","X",-1.46919957683965
"916","norm_mix2","rfcont10","X2",1.64347195451437
"917","norm_mix2","micePMM","X",1.42270720927193
"918","norm_mix2","micePMM","X2",-0.213411880867511
"919","norm_mix2","missForest","X",-1.25955625365702
"920","norm_mix2","missForest","X2",1.27960633815829
"921","norm_mix2","rfcont10","X",-1.22955553448728
"922","norm_mix2","rfcont10","X2",1.18699177030305
"923","norm_mix2","micePMM","X",1.73771179952609
"924","norm_mix2","micePMM","X2",-0.872066538363353
"925","norm_mix2","missForest","X",-0.20348124744666
"926","norm_mix2","missForest","X2",0.586278495514551
"927","norm_mix2","rfcont10","X",-1.18172885799376
"928","norm_mix2","rfcont10","X2",0.670695219118664
"929","norm_mix2","micePMM","X",6.34344965779047
"930","norm_mix2","micePMM","X2",-1.01620824186364
"931","norm_mix2","missForest","X",4.98939904442398
"932","norm_mix2","missForest","X2",-1.30081908951971
"933","norm_mix2","rfcont10","X",-1.09686656375852
"934","norm_mix2","rfcont10","X2",1.09908194607496
"935","norm_mix2","micePMM","X",3.34492975171832
"936","norm_mix2","micePMM","X2",-0.989391498325504
"937","norm_mix2","missForest","X",-3.17839684353743
"938","norm_mix2","missForest","X2",1.05074583108594
"939","norm_mix2","rfcont10","X",0.00559538044482017
"940","norm_mix2","rfcont10","X2",0.658487298145971
"941","norm_mix2","micePMM","X",13.8210278762004
"942","norm_mix2","micePMM","X2",-1.28246013836291
"943","norm_mix2","missForest","X",0.320719852906036
"944","norm_mix2","missForest","X2",0.517940697568866
"945","norm_mix2","rfcont10","X",-0.385507627067891
"946","norm_mix2","rfcont10","X2",0.648130647909827
"947","norm_mix2","micePMM","X",4.44576252964329
"948","norm_mix2","micePMM","X2",-1.46774193138963
"949","norm_mix2","missForest","X",0.575576174991913
"950","norm_mix2","missForest","X2",0.328289067866397
"951","norm_mix2","rfcont10","X",-0.652195793637929
"952","norm_mix2","rfcont10","X2",1.30479418792235
"953","norm_mix2","micePMM","X",2.44393691816265
"954","norm_mix2","micePMM","X2",-1.59000382030747
"955","norm_mix2","missForest","X",3.28207835574319
"956","norm_mix2","missForest","X2",-0.0742991575315644
"957","norm_mix2","rfcont10","X",0.50916497350097
"958","norm_mix2","rfcont10","X2",0.433011020002646
"959","norm_mix2","micePMM","X",7.58238137347575
"960","norm_mix2","micePMM","X2",-1.25704415267799
"961","norm_mix2","missForest","X",23.4100134321455
"962","norm_mix2","missForest","X2",-0.248342279219095
"963","norm_mix2","rfcont10","X",4.38806907767397
"964","norm_mix2","rfcont10","X2",0.340156475169765
"965","norm_mix2","micePMM","X",44.8338987179322
"966","norm_mix2","micePMM","X2",-1.30454363592287
"967","norm_mix2","missForest","X",-0.607896953572149
"968","norm_mix2","missForest","X2",2.33761112991603
"969","norm_mix2","rfcont10","X",0.0633025965379396
"970","norm_mix2","rfcont10","X2",1.25842375922985
"971","norm_mix2","micePMM","X",1.87167221473848
"972","norm_mix2","micePMM","X2",-2.01439153822809
"973","norm_mix2","missForest","X",-122.436992491304
"974","norm_mix2","missForest","X2",-0.494090262942453
"975","norm_mix2","rfcont10","X",-21.1814897558205
"976","norm_mix2","rfcont10","X2",0.367376789252688
"977","norm_mix2","micePMM","X",-145.843888661381
"978","norm_mix2","micePMM","X2",-0.976436890738062
"979","norm_mix2","missForest","X",4.20189621581168
"980","norm_mix2","missForest","X2",-1.74778606786973
"981","norm_mix2","rfcont10","X",0.0759236091228437
"982","norm_mix2","rfcont10","X2",0.644659198103817
"983","norm_mix2","micePMM","X",3.07873384793173
"984","norm_mix2","micePMM","X2",-1.32377923422866
"985","norm_mix2","missForest","X",-0.75439455945722
"986","norm_mix2","missForest","X2",1.17848982771622
"987","norm_mix2","rfcont10","X",-2.49258758105207
"988","norm_mix2","rfcont10","X2",1.40815347069233
"989","norm_mix2","micePMM","X",3.47221332081296
"990","norm_mix2","micePMM","X2",-0.795676507503958
"991","norm_mix2","missForest","X",0.949083593563033
"992","norm_mix2","missForest","X2",0.519499930207283
"993","norm_mix2","rfcont10","X",-0.30405946970619
"994","norm_mix2","rfcont10","X2",0.891749147872156
"995","norm_mix2","micePMM","X",3.80099715083051
"996","norm_mix2","micePMM","X2",-1.20416157654823
"997","norm_mix2","missForest","X",-2.83988840880352
"998","norm_mix2","missForest","X2",2.1711110427397
"999","norm_mix2","rfcont10","X",-0.950503548634347
"1000","norm_mix2","rfcont10","X2",1.00793489922873
"1001","norm_mix2","micePMM","X",4.10099320713352
"1002","norm_mix2","micePMM","X2",-1.13024422227895
"1003","norm_mix2","missForest","X",-4.23182853458168
"1004","norm_mix2","missForest","X2",2.30888599763136
"1005","norm_mix2","rfcont10","X",0.914998469653385
"1006","norm_mix2","rfcont10","X2",0.501071152011975
"1007","norm_mix2","micePMM","X",5.48545499801119
"1008","norm_mix2","micePMM","X2",-1.24255767115733
"1009","norm_mix2","missForest","X",1.24256890134891
"1010","norm_mix2","missForest","X2",0.5885143015934
"1011","norm_mix2","rfcont10","X",-0.234766632289667
"1012","norm_mix2","rfcont10","X2",0.581515125790008
"1013","norm_mix2","micePMM","X",9.39261346640905
"1014","norm_mix2","micePMM","X2",-1.01936847346035
"1015","norm_mix2","missForest","X",-15.8039921500382
"1016","norm_mix2","missForest","X2",0.316273296847627
"1017","norm_mix2","rfcont10","X",17.6635527604261
"1018","norm_mix2","rfcont10","X2",0.732361924908833
"1019","norm_mix2","micePMM","X",-65.2754589090434
"1020","norm_mix2","micePMM","X2",-0.699542154273278
"1021","norm_mix2","missForest","X",5.47504598987035
"1022","norm_mix2","missForest","X2",-0.303541442534955
"1023","norm_mix2","rfcont10","X",0.888525319145235
"1024","norm_mix2","rfcont10","X2",0.395916219532276
"1025","norm_mix2","micePMM","X",10.6241276962265
"1026","norm_mix2","micePMM","X2",-1.28691583211941
"1027","norm_mix2","missForest","X",-7.33227337249586
"1028","norm_mix2","missForest","X2",1.17245396186509
"1029","norm_mix2","rfcont10","X",-5.58876650797638
"1030","norm_mix2","rfcont10","X2",0.756523508278212
"1031","norm_mix2","micePMM","X",17.1279648469164
"1032","norm_mix2","micePMM","X2",-0.59236896155615
"1033","norm_mix2","missForest","X",4.30353476423532
"1034","norm_mix2","missForest","X2",-1.30846403689574
"1035","norm_mix2","rfcont10","X",0.18720958032643
"1036","norm_mix2","rfcont10","X2",0.669706064727666
"1037","norm_mix2","micePMM","X",3.39840669948153
"1038","norm_mix2","micePMM","X2",-1.09532396819175
"1039","norm_mix2","missForest","X",2.62404060165017
"1040","norm_mix2","missForest","X2",-0.413011747675651
"1041","norm_mix2","rfcont10","X",-0.259856460222439
"1042","norm_mix2","rfcont10","X2",0.680904838028808
"1043","norm_mix2","micePMM","X",3.80010926154181
"1044","norm_mix2","micePMM","X2",-1.22107320867389
"1045","norm_mix2","missForest","X",-2.15891645922401
"1046","norm_mix2","missForest","X2",1.57585071849725
"1047","norm_mix2","rfcont10","X",0.0316314107815096
"1048","norm_mix2","rfcont10","X2",0.738736480465912
"1049","norm_mix2","micePMM","X",6.94025331928328
"1050","norm_mix2","micePMM","X2",-1.06436749268149
"1051","norm_mix2","missForest","X",-1.01953382241838
"1052","norm_mix2","missForest","X2",1.18659375039561
"1053","norm_mix2","rfcont10","X",-0.144148073881703
"1054","norm_mix2","rfcont10","X2",0.705787223777861
"1055","norm_mix2","micePMM","X",4.63132763254036
"1056","norm_mix2","micePMM","X2",-1.55180466021868
"1057","norm_mix2","missForest","X",2.70989150726824
"1058","norm_mix2","missForest","X2",-0.642580326136352
"1059","norm_mix2","rfcont10","X",-1.04095955891144
"1060","norm_mix2","rfcont10","X2",1.11720771131852
"1061","norm_mix2","micePMM","X",2.95575255489574
"1062","norm_mix2","micePMM","X2",-0.997318167893747
"1063","norm_mix2","missForest","X",0.141106178765094
"1064","norm_mix2","missForest","X2",0.898982097636322
"1065","norm_mix2","rfcont10","X",-0.456761812577449
"1066","norm_mix2","rfcont10","X2",0.91036352263745
"1067","norm_mix2","micePMM","X",6.65052939100893
"1068","norm_mix2","micePMM","X2",-1.45031953375393
"1069","norm_mix2","missForest","X",8.65072072375926
"1070","norm_mix2","missForest","X2",-1.08552287090953
"1071","norm_mix2","rfcont10","X",0.389423366002007
"1072","norm_mix2","rfcont10","X2",0.579997203706143
"1073","norm_mix2","micePMM","X",7.12433418701584
"1074","norm_mix2","micePMM","X2",-1.0794294056598
"1075","norm_mix2","missForest","X",65.6210051525325
"1076","norm_mix2","missForest","X2",-0.0524160675097372
"1077","norm_mix2","rfcont10","X",6.92501881763998
"1078","norm_mix2","rfcont10","X2",0.412445274874956
"1079","norm_mix2","micePMM","X",108.159606809354
"1080","norm_mix2","micePMM","X2",-0.702599631489583
"1081","norm_mix2","missForest","X",3.3045446216923
"1082","norm_mix2","missForest","X2",-0.484442611047502
"1083","norm_mix2","rfcont10","X",-1.40671246683534
"1084","norm_mix2","rfcont10","X2",0.92607734100395
"1085","norm_mix2","micePMM","X",3.45735761929553
"1086","norm_mix2","micePMM","X2",-0.812271849572199
"1087","norm_mix2","missForest","X",0.327282493088263
"1088","norm_mix2","missForest","X2",0.444409196112553
"1089","norm_mix2","rfcont10","X",-0.440284541730235
"1090","norm_mix2","rfcont10","X2",0.711679675248909
"1091","norm_mix2","micePMM","X",4.18077617129125
"1092","norm_mix2","micePMM","X2",-1.41326754402144
"1093","norm_mix2","missForest","X",-0.0893346094091022
"1094","norm_mix2","missForest","X2",0.557282423395933
"1095","norm_mix2","rfcont10","X",4.44529225034852
"1096","norm_mix2","rfcont10","X2",1.02544975405039
"1097","norm_mix2","micePMM","X",-5.96089903887786
"1098","norm_mix2","micePMM","X2",-0.367902243838791
"1099","norm_mix2","missForest","X",2.82918203016853
"1100","norm_mix2","missForest","X2",-1.06159622116187
"1101","norm_mix2","rfcont10","X",-0.144759712831182
"1102","norm_mix2","rfcont10","X2",0.777958438175484
"1103","norm_mix2","micePMM","X",2.81674600823646
"1104","norm_mix2","micePMM","X2",-1.58854815976014
"1105","norm_mix2","missForest","X",8.42770509388633
"1106","norm_mix2","missForest","X2",-0.884166187924188
"1107","norm_mix2","rfcont10","X",1.39720026744323
"1108","norm_mix2","rfcont10","X2",0.378303473222689
"1109","norm_mix2","micePMM","X",9.98088840249731
"1110","norm_mix2","micePMM","X2",-1.38731773783245
"1111","norm_mix2","missForest","X",4.5502730801643
"1112","norm_mix2","missForest","X2",-0.0728629402073632
"1113","norm_mix2","rfcont10","X",-3.87147702817533
"1114","norm_mix2","rfcont10","X2",0.927671005748691
"1115","norm_mix2","micePMM","X",10.9638197644383
"1116","norm_mix2","micePMM","X2",-1.02967400065517
"1117","norm_mix2","missForest","X",0.323220146765198
"1118","norm_mix2","missForest","X2",0.431376889985711
"1119","norm_mix2","rfcont10","X",-0.187647447635034
"1120","norm_mix2","rfcont10","X2",1.0590110923957
"1121","norm_mix2","micePMM","X",3.28816340292628
"1122","norm_mix2","micePMM","X2",-1.8357531133611
"1123","norm_mix2","missForest","X",-14.2846334355905
"1124","norm_mix2","missForest","X2",-0.369397610850617
"1125","norm_mix2","rfcont10","X",-1.94864266887985
"1126","norm_mix2","rfcont10","X2",0.342289507644544
"1127","norm_mix2","micePMM","X",-19.9294209905121
"1128","norm_mix2","micePMM","X2",-1.14672945417124
"1129","norm_mix2","missForest","X",-1.08512471559039
"1130","norm_mix2","missForest","X2",0.853438808812107
"1131","norm_mix2","rfcont10","X",0.0553801949261197
"1132","norm_mix2","rfcont10","X2",0.55892061120538
"1133","norm_mix2","micePMM","X",4.08154543070876
"1134","norm_mix2","micePMM","X2",-0.895158158729041
"1135","norm_mix2","missForest","X",1.415632760308
"1136","norm_mix2","missForest","X2",-0.159583281491353
"1137","norm_mix2","rfcont10","X",0.116916257954788
"1138","norm_mix2","rfcont10","X2",0.642224339072332
"1139","norm_mix2","micePMM","X",2.76852313523864
"1140","norm_mix2","micePMM","X2",-1.44053550658753
"1141","norm_mix2","missForest","X",0.862410208300289
"1142","norm_mix2","missForest","X2",0.332401880679427
"1143","norm_mix2","rfcont10","X",-0.10174629262324
"1144","norm_mix2","rfcont10","X2",0.563615970173457
"1145","norm_mix2","micePMM","X",9.58696329174199
"1146","norm_mix2","micePMM","X2",-1.02069265778238
"1147","norm_mix2","missForest","X",7.05700233781621
"1148","norm_mix2","missForest","X2",-1.77386098663727
"1149","norm_mix2","rfcont10","X",-0.638268026833868
"1150","norm_mix2","rfcont10","X2",0.828962070607456
"1151","norm_mix2","micePMM","X",5.37782534933549
"1152","norm_mix2","micePMM","X2",-1.28666720960496
"1153","norm_mix2","missForest","X",2.76351522724189
"1154","norm_mix2","missForest","X2",-1.3484360274157
"1155","norm_mix2","rfcont10","X",-0.383474638286198
"1156","norm_mix2","rfcont10","X2",1.10475074889479
"1157","norm_mix2","micePMM","X",2.14135915572524
"1158","norm_mix2","micePMM","X2",-1.34573069941688
"1159","norm_mix2","missForest","X",-2.93251188007657
"1160","norm_mix2","missForest","X2",1.28563780137418
"1161","norm_mix2","rfcont10","X",-1.29296591848772
"1162","norm_mix2","rfcont10","X2",0.713256693401938
"1163","norm_mix2","micePMM","X",7.47153389880668
"1164","norm_mix2","micePMM","X2",-1.00151712566191
"1165","norm_mix2","missForest","X",0.942125559787919
"1166","norm_mix2","missForest","X2",0.277255573324251
"1167","norm_mix2","rfcont10","X",-0.643985991394265
"1168","norm_mix2","rfcont10","X2",0.770135280963692
"1169","norm_mix2","micePMM","X",3.67421267334811
"1170","norm_mix2","micePMM","X2",-0.966951459986304
"1171","norm_mix2","missForest","X",5.46693292563577
"1172","norm_mix2","missForest","X2",-1.0993563537028
"1173","norm_mix2","rfcont10","X",-1.25784655570943
"1174","norm_mix2","rfcont10","X2",0.893320665986523
"1175","norm_mix2","micePMM","X",3.42042172048316
"1176","norm_mix2","micePMM","X2",-0.837453492665195
"1177","norm_mix2","missForest","X",3.35173775602695
"1178","norm_mix2","missForest","X2",0.861178422438548
"1179","norm_mix2","rfcont10","X",4.83239000637708
"1180","norm_mix2","rfcont10","X2",0.790382004034283
"1181","norm_mix2","micePMM","X",-10.2958607308002
"1182","norm_mix2","micePMM","X2",-0.491310681664667
"1183","norm_mix2","missForest","X",1.80025634674861
"1184","norm_mix2","missForest","X2",-1.86096462047259
"1185","norm_mix2","rfcont10","X",-0.622321363786446
"1186","norm_mix2","rfcont10","X2",1.62266733150951
"1187","norm_mix2","micePMM","X",1.14688309730639
"1188","norm_mix2","micePMM","X2",-1.29884642622827
"1189","norm_mix2","missForest","X",-0.953207582389471
"1190","norm_mix2","missForest","X2",0.519334502989872
"1191","norm_mix2","rfcont10","X",0.728067238874295
"1192","norm_mix2","rfcont10","X2",0.518023942212502
"1193","norm_mix2","micePMM","X",-21.2623204912085
"1194","norm_mix2","micePMM","X2",-0.964980806328379
"1195","norm_mix2","missForest","X",-14.6351261272004
"1196","norm_mix2","missForest","X2",-0.833178202760207
"1197","norm_mix2","rfcont10","X",-2.40089024331612
"1198","norm_mix2","rfcont10","X2",0.210074965670733
"1199","norm_mix2","micePMM","X",-14.5129727685865
"1200","norm_mix2","micePMM","X2",-1.00621982621872
